timestamp,left_leg_angle,right_leg_angle,x_absolute,y_absolute
2025-12-19 22:30:49.037,298.916015625,291.796875,3.8315792390733137,1.9784184175036423
2025-12-19 22:30:50.037,290.126953125,319.921875,3.167245587415022,1.9926291058414292
2025-12-19 22:30:51.037,335.7421875,308.759765625,2.612493942490249,2.014528486303208
2025-12-19 22:30:52.037,304.98046875,301.904296875,1.6299777618114848,2.02088645841747
2025-12-19 22:30:53.037,299.70703125,336.796875,0.9146685454634256,2.031760974386033
2025-12-19 22:30:54.037,287.578125,311.923828125,-0.4164271443232398,2.0540536378122445
2025-12-19 22:30:55.037,307.44140625,310.78125,-1.1288431713168394,2.0445031456244456
2025-12-19 22:30:56.037,297.685546875,292.587890625,-2.2445926459110757,2.0875091417294547
2025-12-19 22:30:57.037,282.65625,302.958984375,-2.8809841683512003,2.1263355361004237
2025-12-19 22:30:58.037,308.14453125,314.82421875,-3.322243906390976,2.168774795362574
2025-12-19 22:30:59.037,346.640625,347.607421875,-3.341492773120703,2.2131739286557464
2025-12-19 22:31:00.037,1.23046875,0.439453125,-3.1271219818564804,2.2575330262699236
2025-12-19 22:31:01.037,2.28515625,1.7578125,-2.924619478929288,2.272548817721347
2025-12-19 22:31:02.037,2.28515625,1.845703125,-2.849338597957149,2.195109915213524
2025-12-19 22:31:03.037,2.373046875,1.93359375,-2.7615626217455107,2.163605569583338
2025-12-19 22:31:04.037,2.548828125,1.93359375,-2.662390911773916,2.130218544467094
2025-12-19 22:31:05.037,2.4609375,1.93359375,-2.537029164870031,2.1621712096417123
2025-12-19 22:31:06.037,2.548828125,1.93359375,-2.4409703564217304,2.1860078889861443
2025-12-19 22:31:07.037,2.63671875,1.93359375,-2.4418399528597474,2.193037518754402
2025-12-19 22:31:08.037,2.63671875,1.93359375,-2.4068019898221946,2.200369407717772
2025-12-19 22:31:09.038,2.724609375,1.93359375,-2.3979351114931724,2.1930897283690562
2025-12-19 22:31:10.037,2.8125,1.93359375,-2.4694362661842852,2.2103272565787124
2025-12-19 22:31:11.037,2.724609375,1.93359375,-2.451737468365205,2.202309280383865
2025-12-19 22:31:12.037,2.8125,1.93359375,-2.467454974355751,2.2191387875163544
2025-12-19 22:31:13.037,2.900390625,1.93359375,-2.473973549659445,2.2151635513730104
2025-12-19 22:31:14.037,2.98828125,1.93359375,-2.5027911357946246,2.223555887783939
2025-12-19 22:31:15.037,2.98828125,1.93359375,-2.489111131525445,2.207786705460448
2025-12-19 22:31:16.037,2.109375,1.93359375,-2.4801689103529787,2.19737216824276
2025-12-19 22:31:17.037,2.373046875,1.93359375,-2.570887885082202,2.1490340876731757
2025-12-19 22:31:18.037,2.98828125,1.93359375,-2.6297497871571958,2.125127022925533
2025-12-19 22:31:19.037,3.076171875,1.93359375,-2.5733164885706685,2.1401429416055064
2025-12-19 22:31:20.037,3.076171875,1.93359375,-2.523778144023285,2.1663261858264304
2025-12-19 22:31:21.037,3.076171875,1.93359375,-2.4939061895039476,2.176595555721563
2025-12-19 22:31:22.037,2.98828125,2.021484375,-2.454110857123858,2.1944436928480444
2025-12-19 22:31:23.037,3.1640625,1.93359375,-2.44792485533816,2.207120517678077
2025-12-19 22:31:24.037,3.1640625,1.93359375,-2.4433481706796716,2.206017532036248
2025-12-19 22:31:25.037,3.251953125,1.93359375,-2.431713354627977,2.1938910430645677
2025-12-19 22:31:26.037,2.724609375,1.93359375,-2.443568090642602,2.2008378262779633
2025-12-19 22:31:27.037,2.900390625,1.93359375,-2.466605824617573,2.1948943740954596
2025-12-19 22:31:28.037,3.251953125,1.93359375,-2.4896421068637373,2.187180889804459
2025-12-19 22:31:29.037,3.1640625,1.93359375,-2.49077328066182,2.1745652367131587
2025-12-19 22:31:30.037,3.1640625,1.93359375,-2.470573877653578,2.179967807049567
2025-12-19 22:31:31.037,3.1640625,1.93359375,-2.4591373079494616,2.1801781958780713
2025-12-19 22:31:32.037,3.076171875,1.93359375,-2.458829453841232,2.178980758650005
2025-12-19 22:31:33.037,3.1640625,1.93359375,-2.458918118212158,2.1855673062072816
2025-12-19 22:31:34.037,3.251953125,1.93359375,-2.460713769927586,2.1925128325277523
2025-12-19 22:31:35.037,3.251953125,1.93359375,-2.46559166163581,2.1885822534764268
2025-12-19 22:31:36.037,3.1640625,1.93359375,-2.4739890645942273,2.179813800517464
2025-12-19 22:31:37.037,3.251953125,1.93359375,-2.4687341388736668,2.1795731213110834
2025-12-19 22:31:38.037,3.076171875,1.93359375,-2.459161520131963,2.18065787121433
2025-12-19 22:31:39.037,2.900390625,1.93359375,-2.4514113594553697,2.185805629316169
2025-12-19 22:31:40.037,3.1640625,1.93359375,-2.473813047831448,2.1895560705959634
2025-12-19 22:31:41.038,3.251953125,1.93359375,-2.477039780204861,2.182987091713602
2025-12-19 22:31:42.037,3.251953125,1.93359375,-2.4837756127244948,2.1937099924480767
2025-12-19 22:31:43.037,3.251953125,1.93359375,-2.491244068020521,2.198665558748171
2025-12-19 22:31:44.037,3.251953125,1.93359375,-2.488784921117169,2.1994274210123184
2025-12-19 22:31:45.037,3.1640625,1.93359375,-2.488748129272917,2.191035373631859
2025-12-19 22:31:46.037,3.251953125,1.93359375,-2.493864231637972,2.194966916573038
2025-12-19 22:31:47.037,3.076171875,1.93359375,-2.479856695394905,2.187234826029748
2025-12-19 22:31:48.037,2.98828125,1.93359375,-2.4656727672223404,2.179080651955288
2025-12-19 22:31:49.037,3.251953125,1.93359375,-2.460435054048089,2.17993913501555
2025-12-19 22:31:50.037,3.076171875,1.93359375,-2.4567560342960197,2.184440608541401
2025-12-19 22:31:51.037,3.076171875,1.93359375,-2.4584332340540307,2.1839762598376264
2025-12-19 22:31:52.037,3.251953125,1.93359375,-2.4604950379473864,2.178936905599068
2025-12-19 22:31:53.037,2.98828125,1.93359375,-2.4693810837588837,2.1802839526063535
2025-12-19 22:31:54.037,3.251953125,1.93359375,-2.4739119658947395,2.189548405459673
2025-12-19 22:31:55.037,3.076171875,1.93359375,-2.4677121387442913,2.1920874230212677
2025-12-19 22:31:56.037,2.98828125,1.93359375,-2.460880327723408,2.1928717684533123
2025-12-19 22:31:57.037,3.251953125,1.93359375,-2.4811775649977186,2.1881002337535724
2025-12-19 22:31:58.037,3.076171875,1.93359375,-2.4752014085651464,2.1852906892300776
2025-12-19 22:31:59.037,3.076171875,1.93359375,-2.4721908919076716,2.1866106833216654
2025-12-19 22:32:00.037,3.251953125,1.93359375,-2.4683897472314866,2.1822677768522265
2025-12-19 22:32:01.037,3.076171875,1.845703125,-2.4664345043917253,2.1782984919058133
2025-12-19 22:32:02.037,3.1640625,1.93359375,-2.4608610592978044,2.1791989934283382
2025-12-19 22:32:03.037,3.251953125,1.93359375,-2.4624846982477324,2.1792428462792377
2025-12-19 22:32:04.037,3.076171875,1.93359375,-2.4594145023560188,2.180976680764102
2025-12-19 22:32:05.037,3.251953125,1.93359375,-2.461249011264388,2.1846330799688527
2025-12-19 22:32:06.037,3.251953125,1.93359375,-2.468176813715326,2.1829233617535624
2025-12-19 22:32:07.037,3.33984375,1.93359375,-2.471401551381647,2.187345174371816
2025-12-19 22:32:08.037,3.33984375,1.93359375,-2.475694771465709,2.1833178981760875
2025-12-19 22:32:09.037,2.98828125,2.021484375,-2.4674368829638977,2.185797701107199
2025-12-19 22:32:10.037,2.900390625,1.93359375,-2.4639428822974647,2.1932219981904195
2025-12-19 22:32:11.037,2.8125,1.93359375,-2.465007923660745,2.1932862039093948
2025-12-19 22:32:12.037,2.724609375,2.021484375,-2.465710643773642,2.184041006460908
2025-12-19 22:32:13.037,2.8125,1.93359375,-2.535918645555026,2.1487027063471205
2025-12-19 22:32:14.037,2.900390625,1.93359375,-2.5141713504613685,2.171447723759685
2025-12-19 22:32:15.037,2.900390625,2.021484375,-2.4905170240949914,2.186533484572654
2025-12-19 22:32:16.037,2.900390625,1.93359375,-2.452228830965331,2.205382163252694
2025-12-19 22:32:17.037,2.900390625,1.93359375,-2.4315639420647965,2.214769645935135
2025-12-19 22:32:18.037,2.900390625,1.93359375,-2.409331793583249,2.210724366645518
2025-12-19 22:32:19.037,2.98828125,1.93359375,-2.4045850704843126,2.2100684314881924
2025-12-19 22:32:20.037,3.076171875,1.93359375,-2.4140500919120935,2.2277356339610686
2025-12-19 22:32:21.037,3.1640625,1.93359375,-2.4195828320785395,2.221618598195093
2025-12-19 22:32:22.037,3.1640625,1.93359375,-2.4380755922936403,2.2192710137159484
2025-12-19 22:32:23.037,329.677734375,328.623046875,-2.461205802968445,2.21608164122338
2025-12-19 22:32:24.037,301.552734375,313.505859375,-2.6080830688050236,2.233461149150476
2025-12-19 22:32:25.037,295.13671875,309.990234375,-2.492736372145255,2.2053872532800187
2025-12-19 22:32:26.037,288.369140625,311.484375,-1.901987852760153,2.341514741784988
2025-12-19 22:32:27.037,295.48828125,296.279296875,-1.5603952474481377,2.5991386859961905
2025-12-19 22:32:28.037,291.708984375,346.46484375,-1.0150873555621662,3.043223876862182
2025-12-19 22:32:29.037,291.09375,313.681640625,-0.7390115709483502,3.5359437041868413
2025-12-19 22:32:30.037,300.9375,305.947265625,-0.606444336341788,4.391734551048332
2025-12-19 22:32:31.037,294.697265625,298.388671875,-0.7580108496817788,5.0429129147917715
2025-12-19 22:32:32.037,293.5546875,311.1328125,-1.2920558461979608,5.727280788597269
2025-12-19 22:32:33.037,290.0390625,330.029296875,-1.6376580750021335,5.925837965100056
2025-12-19 22:32:34.037,288.720703125,309.90234375,-2.477334760520269,5.961637711170865
2025-12-19 22:32:35.037,291.796875,299.70703125,-2.744979625234249,5.921045090163207
2025-12-19 22:32:36.037,311.8359375,312.802734375,-2.9593891782461714,5.893097959573626
2025-12-19 22:32:37.037,350.33203125,348.310546875,-2.9799575340395243,5.861171353165803
2025-12-19 22:32:38.037,2.021484375,1.58203125,-2.937875516496069,5.746248102800624
2025-12-19 22:32:39.037,2.98828125,1.93359375,-2.889547790474171,5.722553641464869
2025-12-19 22:32:40.037,3.1640625,1.93359375,-2.815889403231931,5.654512504608328
2025-12-19 22:32:41.037,3.251953125,1.93359375,-2.7727300802300796,5.648090297863139
2025-12-19 22:32:42.037,3.1640625,1.93359375,-2.738440692142748,5.6549166897166625
2025-12-19 22:32:43.037,3.1640625,1.845703125,-2.7117805863373414,5.632808767199917
2025-12-19 22:32:44.037,3.251953125,1.845703125,-2.680123190360672,5.644997985546109
2025-12-19 22:32:45.037,3.251953125,1.845703125,-2.678542258922662,5.648478801272561
2025-12-19 22:32:46.037,3.251953125,1.845703125,-2.673812652178176,5.672544508810383
2025-12-19 22:32:47.037,3.251953125,1.7578125,-2.6628215914144366,5.674568517709513
2025-12-19 22:32:48.037,3.251953125,1.845703125,-2.6540324604680627,5.649704731487576
2025-12-19 22:32:49.037,3.251953125,1.845703125,-2.6545134539315463,5.635247727733255
2025-12-19 22:32:50.037,3.1640625,1.845703125,-2.7040521646648346,5.646100633936147
2025-12-19 22:32:51.037,3.251953125,1.845703125,-2.70163746725295,5.6378463228243065
2025-12-19 22:32:52.037,3.251953125,1.845703125,-2.6932897398637614,5.63704704745162
2025-12-19 22:32:53.037,3.251953125,1.845703125,-2.6927025595164356,5.64247078069563
2025-12-19 22:32:54.038,3.251953125,1.845703125,-2.693207413299289,5.638861593031245
2025-12-19 22:32:55.037,3.251953125,1.93359375,-2.6703373398268084,5.652701358080652
2025-12-19 22:32:56.037,3.251953125,1.93359375,-2.639741970164332,5.64863071821646
2025-12-19 22:32:57.037,3.251953125,1.845703125,-2.5616639626132605,5.635346165296427
2025-12-19 22:32:58.037,3.251953125,1.845703125,-2.6083159669240477,5.639752910383147
2025-12-19 22:32:59.037,3.251953125,1.845703125,-2.6405259709386817,5.641895866980448
2025-12-19 22:33:00.037,3.251953125,1.845703125,-2.6834124925713114,5.660380888976739
2025-12-19 22:33:01.037,3.251953125,1.7578125,-2.709935834024887,5.65738618261693
2025-12-19 22:33:02.037,3.251953125,1.7578125,-2.6766515078300923,5.643342656078055
2025-12-19 22:33:03.037,3.33984375,1.845703125,-2.669834291103414,5.632419581780074
2025-12-19 22:33:04.037,3.1640625,1.669921875,-2.700912220619177,5.6299145794537715
2025-12-19 22:33:05.037,3.251953125,1.7578125,-2.709984151413712,5.584951342620247
2025-12-19 22:33:06.037,3.076171875,1.845703125,-2.699402411554365,5.615135405952565
2025-12-19 22:33:07.037,3.076171875,1.845703125,-2.7292124569005365,5.627062577603004
2025-12-19 22:33:08.037,3.076171875,1.845703125,-2.721639922569148,5.623160506669361
2025-12-19 22:33:09.037,3.1640625,1.845703125,-2.714799871331979,5.644071411069939
2025-12-19 22:33:10.037,3.251953125,1.7578125,-2.6841834823181543,5.646626177386072
2025-12-19 22:33:11.037,3.1640625,1.845703125,-2.757917134067168,5.685140071060054
2025-12-19 22:33:12.037,3.076171875,1.845703125,-2.8413962541076847,5.706820975026178
2025-12-19 22:33:13.037,3.1640625,1.7578125,-2.944468754145726,5.698945231133868
2025-12-19 22:33:14.037,3.1640625,1.7578125,-2.944584366904019,5.716736393111668
2025-12-19 22:33:15.037,3.1640625,1.7578125,-2.9620288137639275,5.712640611703115
2025-12-19 22:33:16.037,3.1640625,1.7578125,-2.9530830844313947,5.68549677084012
2025-12-19 22:33:17.037,3.1640625,1.7578125,-2.969251015926189,5.660567760984418
2025-12-19 22:33:18.037,3.1640625,1.7578125,-2.889891484523318,5.655033382334013
2025-12-19 22:33:19.037,3.1640625,1.7578125,-2.859996935792445,5.639786537320267
2025-12-19 22:33:20.037,3.1640625,1.7578125,-2.8806265855330455,5.608708248678524
2025-12-19 22:33:21.037,3.076171875,1.669921875,-2.8331574906828223,5.596473462334289
2025-12-19 22:33:22.037,3.1640625,1.669921875,-2.772846203062085,5.615120541514119
2025-12-19 22:33:23.037,3.1640625,1.669921875,-2.7490830658938386,5.621560714567174
2025-12-19 22:33:24.037,3.1640625,1.669921875,-2.716739712458801,5.605615607564376
2025-12-19 22:33:25.037,3.1640625,1.669921875,-2.7193254345908624,5.616907710142175
2025-12-19 22:33:26.037,3.1640625,1.669921875,-2.7409325778196223,5.634808318144735
2025-12-19 22:33:27.037,3.1640625,1.669921875,-2.746838640923399,5.628455351122317
2025-12-19 22:33:28.037,3.251953125,1.494140625,-2.7447815407371454,5.629086647319038
2025-12-19 22:33:29.037,2.724609375,1.93359375,-2.7239762907689906,5.622612833542176
2025-12-19 22:33:30.037,312.71484375,309.111328125,-2.695136451676535,5.602210933216802
2025-12-19 22:33:31.037,298.125,311.572265625,-2.700281058985741,5.532457047471802
2025-12-19 22:33:32.037,299.00390625,312.01171875,-2.29865749038499,5.310537261271692
2025-12-19 22:33:33.037,298.212890625,309.0234375,-1.8056453011880234,5.175622603907682
2025-12-19 22:33:34.037,301.81640625,305.244140625,-0.9079495161562894,5.312091604099305
2025-12-19 22:33:35.037,288.80859375,327.3046875,-0.345176865607874,5.459989879069404
2025-12-19 22:33:36.037,309.375,309.990234375,0.5567241460183786,5.64409812019825
2025-12-19 22:33:37.037,291.796875,293.5546875,1.136737020928894,5.8127013384543185
2025-12-19 22:34:34.073,291.533203125,309.7265625,4.007259450572977,1.7230160903405645
2025-12-19 22:34:35.073,291.533203125,307.265625,4.007200346994407,1.7493158330407659
2025-12-19 22:34:36.073,288.720703125,295.48828125,3.9406128009661083,1.691548100437156
2025-12-19 22:34:37.073,287.2265625,319.39453125,3.7272458093096086,1.747439659904851
2025-12-19 22:34:38.073,309.462890625,307.880859375,3.0316775899619115,1.8315090026515284
2025-12-19 22:34:39.073,292.939453125,339.873046875,2.442666933873194,1.899651156642101
2025-12-19 22:34:40.073,276.416015625,311.484375,1.6011163663954984,1.7696069164726482
2025-12-19 22:34:41.073,299.1796875,295.48828125,0.7906036305622013,1.7239960894548272
2025-12-19 22:34:42.073,286.34765625,318.955078125,0.1918154992409329,1.7494644216135213
2025-12-19 22:34:43.073,300.76171875,309.111328125,-0.7029263061989458,1.7815033340443076
2025-12-19 22:34:44.073,295.224609375,308.232421875,-1.3036102184027627,1.8286458907871066
2025-12-19 22:34:45.073,288.80859375,308.408203125,-2.2253266962918143,1.9894882925138784
2025-12-19 22:34:46.073,292.67578125,303.310546875,-2.8404783245790277,2.1524871294673487
2025-12-19 22:34:47.073,293.466796875,302.783203125,-3.2114750965052936,2.192201370394369
2025-12-19 22:34:48.073,293.466796875,302.431640625,-3.259923128177528,2.2428376228342666
2025-12-19 22:34:49.073,350.068359375,346.025390625,-3.14239808424184,2.306337686658094
2025-12-19 22:34:50.073,344.794921875,335.830078125,-2.995876313400432,2.2807605920811276
2025-12-19 22:34:51.073,348.662109375,341.630859375,-3.1662843267192287,2.3756935886320307
2025-12-19 22:34:52.073,1.58203125,0.791015625,-2.957640926874187,2.3246432593192887
2025-12-19 22:34:53.073,2.548828125,1.40625,-2.6887975347700754,2.2497003130970272
2025-12-19 22:34:54.073,2.98828125,1.0546875,-2.591198207741913,2.2289937092855965
2025-12-19 22:34:55.073,2.724609375,1.494140625,-2.4788625945814777,2.192038123218949
2025-12-19 22:34:56.073,2.8125,1.58203125,-2.4403835132746394,2.1676775808542663
2025-12-19 22:34:57.073,2.63671875,1.7578125,-2.4466581677879065,2.1335114344068415
2025-12-19 22:34:58.073,2.8125,1.7578125,-2.4595101922541645,2.129866304695542
2025-12-19 22:34:59.073,2.63671875,1.93359375,-2.4926670374958855,2.1360905373421817
2025-12-19 22:35:00.073,2.724609375,1.93359375,-2.6277157846031596,2.089931736791116
2025-12-19 22:35:01.073,2.8125,1.93359375,-2.573769638433661,2.123234882064785
2025-12-19 22:35:02.073,2.900390625,1.93359375,-2.54753612286399,2.135804050608642
2025-12-19 22:35:03.073,2.98828125,1.93359375,-2.5330494678839095,2.1409652356633204
2025-12-19 22:35:04.073,2.98828125,1.93359375,-2.519840731043148,2.1551457833595284
2025-12-19 22:35:05.073,3.076171875,1.93359375,-2.492859860309129,2.158774262602015
2025-12-19 22:35:06.073,3.076171875,1.93359375,-2.4872914682696408,2.152627915591776
2025-12-19 22:35:07.073,3.076171875,1.93359375,-2.470159021565925,2.152517766946308
2025-12-19 22:35:08.073,3.076171875,1.93359375,-2.4822123342545535,2.156059117513765
2025-12-19 22:35:09.073,2.98828125,1.93359375,-2.5025164760072514,2.155512265883776
2025-12-19 22:35:10.073,2.98828125,1.93359375,-2.49083930295129,2.161486455158853
2025-12-19 22:35:11.073,3.076171875,1.845703125,-2.496257385410323,2.160500441869246
2025-12-19 22:35:12.073,2.8125,1.93359375,-2.494693461896106,2.1619483064588563
2025-12-19 22:35:13.073,3.1640625,1.7578125,-2.5033538352351696,2.16027902333689
2025-12-19 22:35:14.073,2.900390625,1.93359375,-2.4984939138023234,2.1608268097945516
2025-12-19 22:35:15.073,2.724609375,1.93359375,-2.50875083248165,2.157247141534449
2025-12-19 22:35:16.073,3.1640625,1.7578125,-2.539624675479768,2.1494802304566774
2025-12-19 22:35:17.073,3.076171875,1.93359375,-2.6883800778248865,2.093610923946073
2025-12-19 22:35:18.073,2.98828125,1.93359375,-2.7042852423615127,2.0849745488638245
2025-12-19 22:35:19.073,3.076171875,1.93359375,-2.7631323453473122,2.0529806866768157
2025-12-19 22:35:20.073,3.1640625,1.845703125,-2.864627725522306,2.022901044837667
2025-12-19 22:35:21.073,3.1640625,1.93359375,-2.8956739442297312,2.019811090846433
2025-12-19 22:35:22.073,2.98828125,1.93359375,-2.7297116703612794,2.0781064290966236
2025-12-19 22:35:23.073,3.251953125,1.845703125,-2.538133484572697,2.1406627101335713
2025-12-19 22:35:24.073,3.076171875,1.93359375,-2.6014140806678867,2.120994612376263
2025-12-19 22:35:25.073,3.1640625,1.845703125,-2.5098230621505797,2.1401192860167395
2025-12-19 22:35:26.073,3.251953125,1.7578125,-2.4840221728190963,2.1518040343831046
2025-12-19 22:35:27.073,2.8125,1.93359375,-2.5281569133709194,2.144186780128753
2025-12-19 22:35:28.073,3.076171875,1.93359375,-2.5369401303888477,2.1474707952093226
2025-12-19 22:35:29.073,2.900390625,1.93359375,-2.5692940609026165,2.151820327488718
2025-12-19 22:35:30.073,2.900390625,1.93359375,-2.556039609296807,2.159516012119777
2025-12-19 22:35:31.073,3.076171875,1.93359375,-2.4959046918609546,2.1513739613753895
2025-12-19 22:35:32.073,2.98828125,1.93359375,-2.4907517008968583,2.1435403553024397
2025-12-19 22:35:33.073,2.900390625,1.93359375,-2.4791632713368816,2.1461038812731665
2025-12-19 22:35:34.073,3.1640625,1.93359375,-2.474428706690584,2.145269900399153
2025-12-19 22:35:35.074,2.724609375,1.93359375,-2.4657493393996397,2.157330558551383
2025-12-19 22:35:36.073,3.1640625,1.845703125,-2.4737818696651104,2.161836731338738
2025-12-19 22:35:37.073,3.076171875,1.93359375,-2.480606771416803,2.159617304647125
2025-12-19 22:35:38.073,3.1640625,1.93359375,-2.4750195825322274,2.1522280349341854
2025-12-19 22:35:39.073,3.076171875,1.93359375,-2.478534392138079,2.1511262165814764
2025-12-19 22:35:40.073,2.98828125,1.93359375,-2.4747989685029195,2.15445461531253
2025-12-19 22:35:41.074,3.33984375,1.845703125,-2.4639007521017158,2.1640767058039314
2025-12-19 22:35:42.073,3.251953125,1.93359375,-2.4775485615779154,2.16782204131928
2025-12-19 22:35:43.073,3.076171875,1.93359375,-2.4800010721846855,2.1649839818126977
2025-12-19 22:35:44.073,3.251953125,1.845703125,-2.4629435885732267,2.161301276340337
2025-12-19 22:35:45.073,3.1640625,1.93359375,-2.450115049189397,2.1645717783769216
2025-12-19 22:35:46.073,3.1640625,1.93359375,-2.4542456927935836,2.1592977561277715
2025-12-19 22:35:47.073,3.251953125,1.93359375,-2.4538996083464104,2.156640233318382
2025-12-19 22:35:48.073,3.251953125,1.93359375,-2.450910180863292,2.1515179921966583
2025-12-19 22:35:49.073,3.251953125,1.93359375,-2.4554025268802633,2.1481647915007382
2025-12-19 22:35:50.073,2.98828125,1.93359375,-2.452460915526289,2.149678244408517
2025-12-19 22:35:51.073,3.251953125,1.93359375,-2.455430011291228,2.15170296190666
2025-12-19 22:35:52.073,3.33984375,1.93359375,-2.455464332259649,2.15438223607561
2025-12-19 22:35:53.073,2.98828125,1.93359375,-2.459985525410345,2.1544197660968205
2025-12-19 22:35:54.073,3.251953125,1.93359375,-2.476703969948775,2.156857599269602
2025-12-19 22:35:55.073,2.900390625,1.93359375,-2.493426705288525,2.1486561386087573
2025-12-19 22:35:56.073,3.076171875,1.93359375,-2.48423468062058,2.142796446817584
2025-12-19 22:35:57.073,3.251953125,1.93359375,-2.4825018188529056,2.147717166366369
2025-12-19 22:35:58.073,3.1640625,1.93359375,-2.469673054277301,2.144732376464638
2025-12-19 22:35:59.073,3.251953125,1.93359375,-2.624417038793652,2.1036066258645354
2025-12-19 22:36:00.073,3.076171875,1.93359375,-2.653738565046715,2.097053527423575
2025-12-19 22:36:01.073,3.251953125,1.93359375,-2.5947753380894847,2.1222646393034084
2025-12-19 22:36:02.074,2.8125,1.93359375,-2.5275092862808135,2.145969346723228
2025-12-19 22:36:03.073,3.1640625,1.93359375,-2.4968723182889043,2.1559526877375372
2025-12-19 22:36:04.073,3.1640625,1.93359375,-2.4683641824974707,2.1657430133929707
2025-12-19 22:36:05.073,2.900390625,1.93359375,-2.4641760970563196,2.164205310116505
2025-12-19 22:36:06.073,3.251953125,1.93359375,-2.4652876030774875,2.157768072072821
2025-12-19 22:36:07.073,3.076171875,1.93359375,-2.455695775075238,2.155564814306177
2025-12-19 22:36:08.073,2.8125,1.93359375,-2.4594616538385825,2.1572571381423713
2025-12-19 22:36:09.073,2.98828125,1.93359375,-2.467860398218588,2.1606566330044457
2025-12-19 22:36:10.073,3.251953125,1.93359375,-2.4686503143780314,2.1506908445043416
2025-12-19 22:36:11.073,351.2109375,352.177734375,-2.4572437932415934,2.157391635758296
2025-12-19 22:36:12.073,304.453125,310.341796875,-2.48482991540428,2.153779780498709
2025-12-19 22:36:13.073,300.234375,308.583984375,-2.612028899931264,2.1004532817223383
2025-12-19 22:36:14.074,294.521484375,309.55078125,-2.1230486679219895,2.278928600485524
2025-12-19 22:36:15.073,307.001953125,305.244140625,-1.6911665865439953,2.5188381830768276
2025-12-19 22:36:16.073,297.333984375,295.83984375,-1.1613029132721513,3.1498946239004244
2025-12-19 22:36:17.073,280.37109375,310.78125,-0.9570700232579592,3.6624159786400705
2025-12-19 22:36:18.073,298.828125,299.267578125,-0.8867573239257447,4.565759574873359
2025-12-19 22:36:19.073,291.884765625,316.318359375,-1.0299855130312052,5.17869509476938
2025-12-19 22:36:20.074,285.380859375,309.19921875,-1.769173202995842,5.728400899025049
2025-12-19 22:36:21.073,290.91796875,303.57421875,-2.269123103046014,5.871026649081921
2025-12-19 22:36:22.073,296.982421875,299.1796875,-2.785298521407543,5.965529844175226
2025-12-19 22:36:23.073,338.02734375,332.841796875,-2.884541294483988,5.946833035240026
2025-12-19 22:36:24.073,0.87890625,1.142578125,-2.867489434115517,5.871723062992843
2025-12-19 22:36:25.073,2.021484375,1.40625,-2.9389616551656905,5.78628059789008
2025-12-19 22:36:26.073,2.548828125,1.494140625,-2.8093590620182445,5.678466328713199
2025-12-19 22:36:27.073,2.724609375,1.58203125,-2.7733925221703917,5.61679962309526
2025-12-19 22:36:28.073,2.4609375,1.7578125,-2.6913400580523845,5.594276139978137
2025-12-19 22:36:29.073,357.1875,356.8359375,-2.704986723103631,5.579624010174972
2025-12-19 22:36:30.073,1.494140625,1.0546875,-2.839896602686091,5.512958758342917
2025-12-19 22:36:31.073,2.63671875,1.669921875,-2.753553324159115,5.507599228440618
2025-12-19 22:36:32.073,2.373046875,1.93359375,-2.6730475584934563,5.564278004516039
2025-12-19 22:36:33.073,2.548828125,1.93359375,-2.659793508141613,5.541250470206071
2025-12-19 22:36:34.073,2.63671875,1.93359375,-2.6570802833057625,5.543812763248708
2025-12-19 22:36:35.073,2.4609375,1.93359375,-2.643081639855133,5.523274357817971
2025-12-19 22:36:36.073,2.548828125,1.93359375,-2.6940796689453768,5.512352258764508
2025-12-19 22:36:37.073,2.548828125,1.845703125,-2.682301543353872,5.511820488901492
2025-12-19 22:36:38.074,2.548828125,1.93359375,-2.663185767037846,5.555033235111876
2025-12-19 22:36:39.073,2.4609375,1.845703125,-2.639120496257034,5.571350450821322
2025-12-19 22:36:40.073,2.548828125,1.845703125,-2.636668339307078,5.576640267985309
2025-12-19 22:36:41.073,2.548828125,1.845703125,-2.735192895142185,5.546162884408459
2025-12-19 22:36:42.073,2.548828125,1.845703125,-2.700805319108655,5.548318097658911
2025-12-19 22:36:43.073,2.4609375,1.845703125,-2.710815177706384,5.4889244284699386
2025-12-19 22:36:44.073,2.373046875,1.7578125,-2.660191853998403,5.521813752198172
2025-12-19 22:36:45.073,2.548828125,1.845703125,-2.643922593722688,5.553693068726933
2025-12-19 22:36:46.073,2.4609375,1.845703125,-2.6163193245793153,5.562156637469725
2025-12-19 22:36:47.073,2.63671875,1.93359375,-2.636922239574801,5.5675025540040695
2025-12-19 22:36:48.073,2.4609375,1.845703125,-2.657699958323713,5.575891613267299
2025-12-19 22:36:49.073,2.548828125,1.93359375,-2.647840516179163,5.617473275902954
2025-12-19 22:36:50.073,2.548828125,1.93359375,-2.6338187378595768,5.625910001784346
2025-12-19 22:36:51.073,2.63671875,1.93359375,-2.7154723381246324,5.585060048397506
2025-12-19 22:36:52.073,2.724609375,1.93359375,-2.6775153637899587,5.598393333764072
2025-12-19 22:36:53.073,2.63671875,1.93359375,-2.6748283236017922,5.606159569012959
2025-12-19 22:36:54.073,2.63671875,1.93359375,-2.6839750971601966,5.596860820743493
2025-12-19 22:36:55.073,2.63671875,1.93359375,-2.6471245824660548,5.606193805428032
2025-12-19 22:36:56.073,2.63671875,1.93359375,-2.6408312051430283,5.604388266677148
2025-12-19 22:36:57.073,2.63671875,1.93359375,-2.652855963884006,5.588003981680656
2025-12-19 22:36:58.073,2.63671875,1.93359375,-2.6906760334082858,5.597938455020159
2025-12-19 22:36:59.073,2.63671875,1.93359375,-2.694306124300092,5.612653960895598
2025-12-19 22:37:00.073,2.63671875,1.93359375,-2.696396966562884,5.611371849295775
2025-12-19 22:37:01.073,2.63671875,1.93359375,-2.650917435008634,5.624682422489164
2025-12-19 22:37:02.074,2.63671875,1.93359375,-2.6457068325512427,5.568477007542952
2025-12-19 22:37:03.073,2.548828125,1.93359375,-2.6571744456190665,5.58793797660571
2025-12-19 22:37:04.073,2.63671875,1.93359375,-2.689094434911995,5.547744197225788
2025-12-19 22:37:05.073,2.63671875,1.93359375,-2.684799594549194,5.515453794656829
2025-12-19 22:37:06.073,2.63671875,1.93359375,-2.688448968908009,5.524367122650952
2025-12-19 22:37:07.073,2.63671875,1.93359375,-2.6838027653015457,5.5083261172559475
2025-12-19 22:37:08.073,2.63671875,1.93359375,-2.6762164982795325,5.490424076105956
2025-12-19 22:37:09.073,2.63671875,1.93359375,-2.685905615646848,5.486929834069528
2025-12-19 22:37:10.073,2.63671875,1.93359375,-2.6825964194535397,5.494554586116431
2025-12-19 22:37:11.074,2.724609375,1.93359375,-2.7003281221635342,5.473042993246613
2025-12-19 22:37:12.073,2.63671875,1.93359375,-2.7093297961235043,5.451695733196569
2025-12-19 22:37:13.073,2.63671875,1.93359375,-2.707188070965109,5.460017927765438
2025-12-19 22:37:14.073,2.724609375,1.93359375,-2.7336009958945047,5.467189884586156
2025-12-19 22:37:15.073,2.724609375,1.93359375,-2.7531957322093907,5.50103405704775
2025-12-19 22:37:16.073,2.548828125,1.93359375,-2.792351804643693,5.535975933968653
2025-12-19 22:37:17.073,2.724609375,1.845703125,-2.7446268134567697,5.553445589956325
2025-12-19 22:37:18.073,2.4609375,1.93359375,-2.753554273576981,5.527481106115397
2025-12-19 22:37:19.073,2.63671875,1.93359375,-2.704771831031694,5.524894101830926
2025-12-19 22:37:20.073,2.4609375,1.93359375,-2.9625572761240697,5.512535356516235
2025-12-19 22:37:21.073,2.63671875,1.93359375,-2.945846485014923,5.511794869087293
2025-12-19 22:37:22.073,2.4609375,1.93359375,-2.8382127285060417,5.567150100115998
2025-12-19 22:37:23.073,2.4609375,1.93359375,-2.8218316031439548,5.608329741824984
2025-12-19 22:37:24.073,2.548828125,1.93359375,-2.735262801773702,5.634461571441387
2025-12-19 22:37:25.073,2.373046875,1.93359375,-2.792443301914356,5.620457968728933
2025-12-19 22:37:26.073,2.548828125,1.93359375,-2.806034193446054,5.605371321893075
2025-12-19 22:37:27.073,2.63671875,1.93359375,-2.7499467500894523,5.604098845991455
2025-12-19 22:37:28.073,2.373046875,1.93359375,-2.7568801596942434,5.5819546445216295
2025-12-19 22:37:29.073,2.63671875,1.93359375,-2.634517109169324,5.588979181139502
2025-12-19 22:37:30.073,2.548828125,1.93359375,-2.658459433931057,5.591163713402246
2025-12-19 22:37:31.073,2.4609375,1.93359375,-2.652076482704869,5.583761497775336
2025-12-19 22:37:32.073,2.548828125,1.93359375,-2.581336975979859,5.586913712591762
2025-12-19 22:37:33.073,2.548828125,1.93359375,-2.656325707433422,5.555539424185362
2025-12-19 22:37:34.073,2.4609375,1.93359375,-2.7600834423333316,5.585872240346439
2025-12-19 22:37:35.073,2.63671875,1.93359375,-2.7261675842518533,5.578700430106295
2025-12-19 22:37:36.073,2.4609375,1.93359375,-2.744077415176939,5.542826700098628
2025-12-19 22:37:37.073,2.724609375,1.93359375,-2.6378594936568085,5.58958709187946
2025-12-19 22:37:38.073,2.4609375,1.93359375,-2.6595749800039448,5.5762786557075685
2025-12-19 22:37:39.073,2.724609375,1.93359375,-2.5791825230715935,5.631187679078531
2025-12-19 22:37:40.073,2.373046875,1.93359375,-2.6476061049637085,5.596982759677642
2025-12-19 22:37:41.073,2.63671875,1.93359375,-2.650224179917368,5.57142450285936
2025-12-19 22:37:42.073,2.373046875,1.93359375,-2.682699526486532,5.526520858401661
2025-12-19 22:37:43.073,2.63671875,1.93359375,-2.666687822073998,5.528189170096858
2025-12-19 22:37:44.073,2.4609375,1.93359375,-2.709490432706219,5.506907378505477
2025-12-19 22:37:45.073,2.63671875,1.93359375,-2.6992015373739466,5.5418456297165966
2025-12-19 22:37:46.073,2.373046875,1.93359375,-2.7393465082637087,5.54945783287096
2025-12-19 22:37:47.073,2.63671875,1.845703125,-2.772665026774937,5.572658546432987
2025-12-19 22:37:48.073,2.548828125,1.93359375,-2.7707147108451355,5.546114581425647
2025-12-19 22:37:49.073,2.63671875,1.93359375,-2.759691300369104,5.520728520482006
2025-12-19 22:37:50.073,343.4765625,341.19140625,-2.7715265492644123,5.492406795699666
2025-12-19 22:37:51.073,307.6171875,307.265625,-2.6902721695560556,5.549200054434908
2025-12-19 22:37:52.073,297.333984375,307.529296875,-2.7603584920873345,5.561759347655432
2025-12-19 22:37:53.073,296.3671875,314.033203125,-2.6914419850117204,5.569564615815479
2025-12-19 22:37:54.073,319.306640625,315.966796875,-2.0711079835459776,5.326846286744535
2025-12-19 22:37:55.073,299.794921875,302.783203125,-1.4519481411319437,5.367377966006847
2025-12-19 22:37:56.073,296.71875,350.68359375,-0.4153196984291788,5.652934758884858
2025-12-19 22:37:57.073,301.728515625,312.01171875,0.3083270034333884,5.851197881589785
2025-12-19 22:37:58.073,321.064453125,309.462890625,1.333862918568227,6.000243360402412
2025-12-19 22:39:09.682,288.28125,304.27734375,3.660477503685823,2.1995527664567844
2025-12-19 22:39:10.682,287.666015625,309.7265625,3.2501214488432826,2.1460359797067525
2025-12-19 22:39:11.682,296.3671875,294.521484375,2.7734551226529005,2.1107171809510774
2025-12-19 22:39:12.682,298.916015625,304.27734375,1.876655797093271,1.9822768490793845
2025-12-19 22:39:13.684,287.75390625,313.681640625,1.104342580299126,1.9198257625700463
2025-12-19 22:39:14.682,303.57421875,304.541015625,0.05986662061994866,1.8789175917084844
2025-12-19 22:39:15.682,297.59765625,292.060546875,-0.6243671496124314,1.8350468473428172
2025-12-19 22:39:16.682,298.740234375,314.033203125,-1.333629748136863,1.929456932838531
2025-12-19 22:39:17.682,295.6640625,306.38671875,-2.1887332659381586,2.029406652245204
2025-12-19 22:39:18.682,286.962890625,319.74609375,-2.888719186081519,2.0048896868064823
2025-12-19 22:39:19.682,303.837890625,310.078125,-3.324887061855506,2.0944413616563713
2025-12-19 22:39:20.682,350.859375,344.794921875,-3.258841038983191,2.129463417565935
2025-12-19 22:39:21.682,337.8515625,332.314453125,-3.2570833337231466,2.152357500386148
2025-12-19 22:39:22.682,1.0546875,359.296875,-3.311027600012949,2.1269400890191674
2025-12-19 22:39:23.682,2.28515625,1.7578125,-3.2192399644532133,2.1407894480320495
2025-12-19 22:39:24.682,2.63671875,1.93359375,-2.9328551546270916,2.1835139962258565
2025-12-19 22:39:25.682,2.8125,1.93359375,-2.649280971865789,2.211881936421398
2025-12-19 22:39:26.682,2.8125,1.93359375,-2.5328672099852394,2.2218035812986434
2025-12-19 22:39:27.682,2.8125,1.93359375,-2.454335060675036,2.212414927221603
2025-12-19 22:39:28.682,2.8125,1.93359375,-2.424196646160633,2.2159299567494646
2025-12-19 22:39:29.682,2.900390625,1.93359375,-2.41434869533951,2.2196906711126054
2025-12-19 22:39:30.682,2.724609375,1.93359375,-2.4162699853955223,2.217492233463971
2025-12-19 22:39:31.682,2.8125,1.93359375,-2.4429446152223164,2.214387455400986
2025-12-19 22:39:32.682,2.900390625,1.93359375,-2.4523159634173046,2.2090300098152555
2025-12-19 22:39:33.682,2.900390625,1.845703125,-2.492252963777066,2.1961823458133174
2025-12-19 22:39:34.682,2.8125,1.93359375,-2.528989362795657,2.187259351277409
2025-12-19 22:39:35.682,2.8125,1.93359375,-2.5374404387776703,2.187206560231223
2025-12-19 22:39:36.682,2.724609375,1.845703125,-2.5461706042286787,2.1835533646964533
2025-12-19 22:39:37.682,2.63671875,1.845703125,-2.5016829463174988,2.1944747088499748
2025-12-19 22:39:38.682,2.63671875,1.845703125,-2.4913683522062637,2.200848146020033
2025-12-19 22:39:39.682,2.8125,1.93359375,-2.4726223087992114,2.211430691350034
2025-12-19 22:39:40.682,2.8125,1.93359375,-2.541756549786319,2.1882958330735764
2025-12-19 22:39:41.682,2.98828125,1.93359375,-2.656833221125879,2.152987406099621
2025-12-19 22:39:42.682,2.98828125,1.93359375,-2.584428293579016,2.170531539535863
2025-12-19 22:39:43.682,2.98828125,2.021484375,-2.537485815213673,2.1850899764290155
2025-12-19 22:39:44.682,2.98828125,2.021484375,-2.55628090620886,2.1788027168280353
2025-12-19 22:39:45.682,2.98828125,2.021484375,-2.509346620167581,2.188845755176178
2025-12-19 22:39:46.682,2.900390625,1.93359375,-2.486109415390456,2.188104064917927
2025-12-19 22:39:47.684,2.900390625,1.93359375,-2.4746857523806574,2.2051396446555884
2025-12-19 22:39:48.682,2.900390625,1.93359375,-2.477131164151177,2.215469530601659
2025-12-19 22:39:49.682,2.900390625,1.93359375,-2.49472430482695,2.223320302197143
2025-12-19 22:39:50.682,2.900390625,1.93359375,-2.495805972304825,2.2128426141893742
2025-12-19 22:39:51.682,2.98828125,1.93359375,-2.492272164522447,2.211997248026504
2025-12-19 22:39:52.682,2.98828125,1.93359375,-2.4906173400075726,2.211056448907348
2025-12-19 22:39:53.682,2.900390625,1.93359375,-2.4845155288342804,2.207515400395411
2025-12-19 22:39:54.682,3.076171875,1.93359375,-2.5007813727967303,2.201197410407761
2025-12-19 22:39:55.682,2.98828125,1.93359375,-2.5148601717900965,2.204993920983059
2025-12-19 22:39:56.682,3.076171875,1.93359375,-2.5099035154905946,2.2009884189078917
2025-12-19 22:39:57.682,3.076171875,1.93359375,-2.504708568754644,2.197637106803283
2025-12-19 22:39:58.682,3.1640625,1.93359375,-2.5236998621565085,2.1917965030704076
2025-12-19 22:39:59.682,3.076171875,1.93359375,-2.4989310033236203,2.203863558404686
2025-12-19 22:40:00.682,3.076171875,1.93359375,-2.4902588781877197,2.2106580124641497
2025-12-19 22:40:01.682,3.076171875,1.93359375,-2.4864586817918157,2.2049211001174847
2025-12-19 22:40:02.682,3.1640625,1.93359375,-2.478103719429728,2.204822240873998
2025-12-19 22:40:03.682,3.1640625,1.93359375,-2.4717366454968737,2.2021540299819318
2025-12-19 22:40:04.682,3.076171875,1.93359375,-2.482223373761861,2.200436093499099
2025-12-19 22:40:05.682,3.076171875,1.93359375,-2.5042301876638895,2.2033909150184723
2025-12-19 22:40:06.682,2.98828125,1.93359375,-2.4983659450136324,2.211149904802629
2025-12-19 22:40:07.682,2.98828125,1.93359375,-2.504090574432042,2.201897600500375
2025-12-19 22:40:08.682,2.98828125,1.93359375,-2.4994104012352762,2.20014938542817
2025-12-19 22:40:09.687,3.076171875,1.845703125,-2.5025523905859215,2.203028158306183
2025-12-19 22:40:10.682,3.076171875,1.93359375,-2.4908962249566775,2.20383491018248
2025-12-19 22:40:11.682,3.076171875,1.93359375,-2.492269850159758,2.2044319213909094
2025-12-19 22:40:12.682,3.076171875,1.93359375,-2.494133236777408,2.205959014115555
2025-12-19 22:40:13.682,3.076171875,1.93359375,-2.4967452427333185,2.2126821558482934
2025-12-19 22:40:14.682,3.1640625,1.93359375,-2.4960496258215485,2.2101088816044987
2025-12-19 22:40:15.682,3.076171875,1.93359375,-2.4891677664681087,2.2056245775052283
2025-12-19 22:40:16.682,3.1640625,1.93359375,-2.4958704300121415,2.205115731777255
2025-12-19 22:40:17.682,3.1640625,1.93359375,-2.502368132000118,2.2074894031692383
2025-12-19 22:40:18.682,3.076171875,1.93359375,-2.512446586103528,2.204159254517152
2025-12-19 22:40:19.682,3.1640625,1.93359375,-2.5097862861581755,2.2009249202602676
2025-12-19 22:40:20.682,3.1640625,1.93359375,-2.5034683539502858,2.199038814734395
2025-12-19 22:40:21.682,3.1640625,1.93359375,-2.513056793837552,2.2029635826246414
2025-12-19 22:40:22.682,3.1640625,1.93359375,-2.51742109051785,2.1990102984966997
2025-12-19 22:40:23.682,3.1640625,1.93359375,-2.506399081733729,2.2055943161499734
2025-12-19 22:40:24.682,3.1640625,1.93359375,-2.496215029499095,2.2049213777074796
2025-12-19 22:40:25.682,3.076171875,1.93359375,-2.5056684354081966,2.1988762433718065
2025-12-19 22:40:26.683,3.1640625,1.93359375,-2.5161647307486845,2.1962227061031654
2025-12-19 22:40:27.682,3.1640625,1.93359375,-2.512900087497182,2.200500471679712
2025-12-19 22:40:28.682,3.1640625,1.93359375,-2.509865046781538,2.2059235779694006
2025-12-19 22:40:29.682,3.1640625,1.845703125,-2.5167900706977457,2.207650678255119
2025-12-19 22:40:30.682,3.1640625,1.93359375,-2.5051553665213726,2.2059320475276794
2025-12-19 22:40:31.682,3.1640625,1.93359375,-2.4852398775155518,2.2023052493231896
2025-12-19 22:40:32.682,3.1640625,1.93359375,-2.4811675517069602,2.2017195552455
2025-12-19 22:40:33.682,3.1640625,1.845703125,-2.5014927399638234,2.1953203913876984
2025-12-19 22:40:34.682,3.076171875,1.93359375,-2.502565393631542,2.202097584776414
2025-12-19 22:40:35.682,3.076171875,1.93359375,-2.501553035669378,2.201710191332612
2025-12-19 22:40:36.682,3.1640625,1.93359375,-2.503305723728894,2.197947669434348
2025-12-19 22:40:37.682,3.251953125,1.845703125,-2.5016643394936837,2.1989179669427124
2025-12-19 22:40:38.682,335.390625,334.423828125,-2.5236960043021988,2.1948406275645302
2025-12-19 22:40:39.682,292.32421875,320.712890625,-2.6754608928790464,2.1809845994473624
2025-12-19 22:40:40.682,281.689453125,309.462890625,-2.5736592285189293,2.1935776733030643
2025-12-19 22:40:41.682,295.751953125,336.708984375,-1.8218003734907227,2.4374597538201015
2025-12-19 22:40:42.682,299.1796875,314.736328125,-1.383228776203519,2.8033924170956537
2025-12-19 22:40:43.682,318.1640625,313.505859375,-0.9968253712747825,3.62439314204084
2025-12-19 22:40:44.682,296.19140625,336.09375,-0.974212397450299,4.218397775909778
2025-12-19 22:40:45.682,290.478515625,314.736328125,-1.2639778690419778,5.169268657554488
2025-12-19 22:40:46.682,290.126953125,304.27734375,-1.6426821090846604,5.566899419098906
2025-12-19 22:40:47.682,292.939453125,320.625,-2.2923921525582314,5.883652570101528
2025-12-19 22:40:48.682,293.994140625,300.41015625,-2.6176472281763443,5.945584582263344
2025-12-19 22:40:49.682,323.96484375,318.1640625,-2.831034728063041,5.932166692887566
2025-12-19 22:40:50.682,354.638671875,350.771484375,-2.975591249933541,5.7887663394755196
2025-12-19 22:40:51.682,2.548828125,1.669921875,-2.9404480506968405,5.721557788734915
2025-12-19 22:40:52.682,3.251953125,1.93359375,-2.9311875047520175,5.574859047677162
2025-12-19 22:40:53.682,3.33984375,1.93359375,-2.8528392497833517,5.509852628403346
2025-12-19 22:40:54.682,3.33984375,1.93359375,-2.74960671381391,5.441706499813614
2025-12-19 22:40:55.682,3.427734375,1.93359375,-2.708763219737386,5.42232470703968
2025-12-19 22:40:56.682,3.251953125,1.93359375,-2.6848329526425543,5.419644505316264
2025-12-19 22:40:57.682,3.33984375,1.93359375,-2.6978587008896806,5.41712012967703
2025-12-19 22:40:58.682,3.33984375,1.93359375,-2.7020680066269582,5.414235261994681
2025-12-19 22:40:59.682,3.427734375,1.845703125,-2.6893560228445965,5.412737504041383
2025-12-19 22:41:00.682,3.1640625,1.93359375,-2.7070259246805914,5.3985325893002525
2025-12-19 22:41:01.682,2.900390625,1.93359375,-2.6743558857924903,5.405424537864932
2025-12-19 22:41:02.682,2.900390625,1.93359375,-2.6525730419440254,5.427109688608123
2025-12-19 22:41:03.682,3.251953125,1.93359375,-2.6547542692620665,5.44217821074531
2025-12-19 22:41:04.682,3.427734375,1.93359375,-2.6615872795215,5.442495817145587
2025-12-19 22:41:05.682,3.427734375,1.93359375,-2.6699365834624658,5.442650577013064
2025-12-19 22:41:06.682,3.427734375,1.93359375,-2.67677577054896,5.455295146537276
2025-12-19 22:41:07.682,3.427734375,1.93359375,-2.66979390500392,5.446554263049584
2025-12-19 22:41:08.682,3.427734375,1.93359375,-2.676496706567886,5.420453142297691
2025-12-19 22:41:09.682,3.427734375,1.93359375,-2.6852974859174807,5.406066503813978
2025-12-19 22:41:10.682,3.427734375,1.93359375,-2.6811054444143423,5.477211426106452
2025-12-19 22:41:11.682,3.427734375,1.93359375,-2.6841012780352402,5.4722999083959785
2025-12-19 22:41:12.682,3.427734375,1.93359375,-2.69038160738807,5.471848722506572
2025-12-19 22:41:13.682,3.427734375,1.93359375,-2.6887585282196174,5.486106274913514
2025-12-19 22:41:14.682,3.427734375,1.93359375,-2.6752024164694825,5.482549982292225
2025-12-19 22:41:15.682,3.427734375,1.93359375,-2.6793097659269502,5.473128706644067
2025-12-19 22:41:16.682,3.427734375,1.93359375,-2.6820421671331722,5.455064710596062
2025-12-19 22:41:17.682,3.427734375,1.93359375,-2.687011711555953,5.444094721068424
2025-12-19 22:41:18.682,3.427734375,1.93359375,-2.7017686659751847,5.421238435789837
2025-12-19 22:41:19.682,3.427734375,1.93359375,-2.699569401150682,5.41549680312963
2025-12-19 22:41:20.682,3.427734375,1.93359375,-2.7063685736254133,5.4138395127156285
2025-12-19 22:41:21.682,3.427734375,1.93359375,-2.7091866211142825,5.424257180319446
2025-12-19 22:41:22.682,3.427734375,1.93359375,-2.692462500193641,5.440328767105318
2025-12-19 22:41:23.682,3.33984375,1.93359375,-2.6750594197672646,5.440448230492814
2025-12-19 22:41:24.682,3.427734375,1.93359375,-2.6656851884113095,5.450187213025667
2025-12-19 22:41:25.682,3.427734375,1.7578125,-2.672042889791908,5.422651027264194
2025-12-19 22:41:26.682,3.427734375,1.845703125,-2.6521779088431865,5.417417698871783
2025-12-19 22:41:27.682,3.427734375,1.93359375,-2.6560130862308498,5.4177879619907765
2025-12-19 22:41:28.682,3.427734375,1.845703125,-2.677403556466677,5.422614544963169
2025-12-19 22:41:29.682,3.427734375,1.845703125,-2.6841988809179345,5.435851159377776
2025-12-19 22:41:30.682,3.427734375,1.845703125,-2.6933264534753008,5.430756271724161
2025-12-19 22:41:31.682,3.427734375,1.845703125,-2.6912950640720563,5.417856809550946
2025-12-19 22:41:32.682,3.427734375,1.845703125,-2.7172273558404116,5.402309110345256
2025-12-19 22:41:33.682,3.427734375,1.669921875,-2.7274947650807704,5.403476476120045
2025-12-19 22:41:34.682,3.427734375,1.93359375,-2.7935970988145886,5.396200612066236
2025-12-19 22:41:35.682,3.427734375,1.93359375,-2.8376944099727313,5.394158173728299
2025-12-19 22:41:36.682,3.427734375,1.93359375,-2.8137172064207236,5.390127663882206
2025-12-19 22:41:37.682,3.427734375,1.93359375,-2.7791626571991443,5.384331557896628
2025-12-19 22:41:38.682,3.427734375,1.93359375,-2.8235375711824027,5.364336640820129
2025-12-19 22:41:39.682,3.427734375,1.93359375,-2.9272907941164803,5.334086103342747
2025-12-19 22:41:40.682,3.427734375,1.93359375,-2.8838814067343197,5.360661261482406
2025-12-19 22:41:41.682,3.427734375,1.93359375,-2.8406797537642463,5.380011628688252
2025-12-19 22:41:42.682,3.33984375,2.021484375,-2.896224187029186,5.372499687055435
2025-12-19 22:41:43.682,3.427734375,1.93359375,-2.8620411967649826,5.374946537386636
2025-12-19 22:41:44.682,3.427734375,1.845703125,-2.820018265591006,5.406613135088485
2025-12-19 22:41:45.682,3.427734375,1.93359375,-2.8006328010943156,5.412394262350669
2025-12-19 22:41:46.682,3.427734375,1.93359375,-2.8184156723096008,5.399841938715633
2025-12-19 22:41:47.682,3.33984375,2.021484375,-2.807545431420393,5.392935283869109
2025-12-19 22:41:48.682,3.427734375,1.93359375,-2.8119258835940233,5.397769999284067
2025-12-19 22:41:49.682,3.427734375,1.93359375,-2.7958373276704735,5.389598451485235
2025-12-19 22:41:50.682,3.427734375,1.93359375,-2.803570019816096,5.3804239567535985
2025-12-19 22:41:51.682,3.427734375,1.93359375,-2.816170363377977,5.369451544671269
2025-12-19 22:41:52.682,3.427734375,1.93359375,-2.7831161112051577,5.363241974715808
2025-12-19 22:41:53.682,3.427734375,1.93359375,-2.8515976524359843,5.35238533462088
2025-12-19 22:41:54.682,3.427734375,1.845703125,-3.0176777990070223,5.338261328517601
2025-12-19 22:41:55.682,3.427734375,1.93359375,-2.938069343533562,5.35689882618592
2025-12-19 22:41:56.682,3.427734375,1.93359375,-2.8456799548075677,5.383316768849532
2025-12-19 22:41:57.682,3.427734375,1.93359375,-2.829081249682618,5.370307656563322
2025-12-19 22:41:58.682,3.427734375,2.021484375,-2.8914265485907915,5.350249330348148
2025-12-19 22:41:59.682,3.33984375,2.021484375,-2.9279698635049325,5.358641181170354
2025-12-19 22:42:00.682,3.33984375,1.93359375,-2.9865049205057153,5.373124330925295
2025-12-19 22:42:01.682,3.33984375,1.93359375,-2.9427140801310605,5.370669332389901
2025-12-19 22:42:02.682,3.427734375,1.93359375,-3.206472956206148,5.31084225913949
2025-12-19 22:42:03.682,323.701171875,321.591796875,-3.263895355078735,5.301377027612356
2025-12-19 22:42:04.682,298.30078125,318.1640625,-3.1554244277967545,5.41893259823318
2025-12-19 22:42:05.682,298.037109375,306.9140625,-3.014900419788902,5.416594676988492
2025-12-19 22:42:06.682,298.388671875,306.650390625,-2.5004306441118826,5.293833782271305
2025-12-19 22:42:07.682,297.333984375,347.6953125,-1.3935641793960272,5.150101103626023
2025-12-19 22:42:08.682,296.630859375,314.384765625,-0.6459366197415447,5.09432147606334
2025-12-19 22:42:09.682,299.267578125,304.013671875,0.40476478408009625,5.208094939058333
2025-12-19 22:42:10.682,300.5859375,342.421875,1.1023922051245956,5.482574129563214
2025-12-19 22:42:11.682,310.869140625,312.275390625,1.9155433108765092,5.796070654575845
2025-12-19 22:42:12.682,296.806640625,293.02734375,2.47007414302384,5.969934235281526
