timestamp,left_leg_angle,right_leg_angle,x_absolute,y_absolute,robot_action
2025-12-19 23:36:15.235,287.314453125,281.865234375,4.38928337293301,2.03782636102517,0
2025-12-19 23:36:16.235,295.83984375,281.865234375,4.2114693055022,1.84578412264035,0
2025-12-19 23:36:17.235,283.53515625,286.259765625,3.6204640569609,1.63402094926721,0
2025-12-19 23:36:18.235,295.3125,286.5234375,3.03332610292394,1.58701490288306,0
2025-12-19 23:36:19.235,293.642578125,282.216796875,2.39807006361595,1.48639358411635,0
2025-12-19 23:36:20.235,281.42578125,286.787109375,1.38010499343144,1.36996242147342,0
2025-12-19 23:36:21.235,290.654296875,280.986328125,0.615863252856538,1.1195243346444,0
2025-12-19 23:36:22.235,302.87109375,277.294921875,-0.372034599352964,1.12707075814632,0
2025-12-19 23:36:23.235,293.203125,280.72265625,-1.57764250624337,1.36007599270153,0
2025-12-19 23:36:24.235,299.970703125,276.50390625,-2.28505586565384,1.40024899081504,0
2025-12-19 23:36:25.235,287.40234375,293.115234375,-2.76161942116006,1.38637900651434,0
2025-12-19 23:36:26.235,340.576171875,344.35546875,-3.23806081373182,1.44499431196421,1
2025-12-19 23:36:27.235,357.1875,359.912109375,-3.15076600681339,1.4893355956557,1
2025-12-19 23:36:28.235,344.8828125,339.169921875,-3.08727104609226,1.46486989298074,1
2025-12-19 23:36:29.235,0.615234375,1.7578125,-3.04500714017506,1.4035127301082,1
2025-12-19 23:36:30.235,1.0546875,1.93359375,-2.74991490502875,1.49349811158456,1
2025-12-19 23:36:31.235,1.669921875,1.93359375,-2.5876796132404,1.48509325945159,1
2025-12-19 23:36:32.235,1.93359375,1.93359375,-2.41064525363428,1.41741130796699,0
2025-12-19 23:36:33.235,2.109375,1.845703125,-2.37792998100231,1.45800766393852,0
2025-12-19 23:36:34.235,2.197265625,1.93359375,-2.39302804886809,1.495269135154,0
2025-12-19 23:36:35.235,2.197265625,2.021484375,-2.38553051496856,1.48385611542955,0
2025-12-19 23:36:36.235,2.197265625,1.845703125,-2.3694729785399,1.47821007668869,0
2025-12-19 23:36:37.235,2.28515625,2.021484375,-2.38398280077525,1.49408346762258,2
2025-12-19 23:36:38.235,2.28515625,2.021484375,-2.40433222938644,1.48374588867609,2
2025-12-19 23:36:39.235,2.28515625,2.021484375,-2.40684338284119,1.47320695688695,2
2025-12-19 23:36:40.235,2.197265625,1.93359375,-2.42025656227455,1.46569874681274,2
2025-12-19 23:36:41.235,2.373046875,1.93359375,-2.40908081435871,1.46282281877409,2
2025-12-19 23:36:42.235,2.28515625,1.93359375,-2.40167581244743,1.48672000933787,2
2025-12-19 23:36:43.235,2.28515625,2.021484375,-2.43880146889056,1.49956328230161,2
2025-12-19 23:36:44.235,1.93359375,2.021484375,-2.7016229835373,1.3809639285904,0
2025-12-19 23:36:45.235,1.93359375,1.93359375,-2.92273675816872,1.28694481681335,0
2025-12-19 23:36:46.235,2.109375,1.93359375,-3.06463564378456,1.20470849547466,0
2025-12-19 23:36:47.235,2.197265625,1.93359375,-3.13056461050071,1.179459314552,0
2025-12-19 23:36:48.235,2.197265625,1.93359375,-3.08234633610294,1.18930999628085,0
2025-12-19 23:36:49.235,2.28515625,1.93359375,-3.07917940323163,1.18505166286983,0
2025-12-19 23:36:50.235,2.28515625,2.021484375,-3.09348316073068,1.1710712066895,0
2025-12-19 23:36:51.235,2.28515625,2.021484375,-3.12964039285589,1.17170474931711,0
2025-12-19 23:36:52.235,2.28515625,2.021484375,-3.1656672620901,1.17789549018022,0
2025-12-19 23:36:53.235,2.28515625,2.021484375,-2.98946705412426,1.21677742443523,0
2025-12-19 23:36:54.235,2.28515625,2.021484375,-2.97426630272464,1.23468916041293,0
2025-12-19 23:36:55.235,2.197265625,2.021484375,-2.95380840076356,1.24537958761268,0
2025-12-19 23:36:56.235,2.197265625,1.93359375,-2.76060014800172,1.30454230466647,0
2025-12-19 23:36:57.235,2.197265625,2.021484375,-2.7952217280492,1.30101562260122,0
2025-12-19 23:36:58.235,2.197265625,2.021484375,-2.96996627687499,1.24480133078811,0
2025-12-19 23:36:59.235,2.28515625,2.021484375,-2.97096053604677,1.24857319721569,0
2025-12-19 23:37:00.235,2.28515625,2.021484375,-2.99635473463315,1.17548932587618,0
2025-12-19 23:37:01.235,2.28515625,2.021484375,-3.08945064879372,1.16724683773012,0
2025-12-19 23:37:02.235,2.373046875,2.021484375,-2.95850336359516,1.23050870168564,0
2025-12-19 23:37:03.235,2.373046875,2.021484375,-2.83782941946378,1.26442603706061,0
2025-12-19 23:37:04.235,2.28515625,2.021484375,-2.97952454411144,1.22572466005936,0
2025-12-19 23:37:05.235,2.28515625,2.021484375,-2.94296952862459,1.25458622414769,0
2025-12-19 23:37:06.235,2.28515625,2.021484375,-2.99976969176215,1.34310010032086,0
2025-12-19 23:37:07.235,2.28515625,2.021484375,-2.75138979525892,1.42101404496099,0
2025-12-19 23:37:08.235,2.197265625,2.021484375,-2.73516145436223,1.41944641795766,0
2025-12-19 23:37:09.235,2.28515625,2.021484375,-2.70863742327395,1.45202219304161,0
2025-12-19 23:37:10.235,2.197265625,2.021484375,-2.94462717502509,1.31243482684854,0
2025-12-19 23:37:11.235,2.28515625,2.021484375,-2.93952108407808,1.25391382805386,0
2025-12-19 23:37:12.235,2.28515625,2.021484375,-2.94299806905458,1.21548496260402,0
2025-12-19 23:37:13.235,2.373046875,2.021484375,-2.94447233964844,1.210868224474,0
2025-12-19 23:37:14.235,2.28515625,2.021484375,-2.95658358073753,1.21867533692834,0
2025-12-19 23:37:15.235,2.28515625,2.021484375,-2.98224191068363,1.20290453206323,0
2025-12-19 23:37:16.235,2.28515625,2.021484375,-2.9093391610025,1.2190941415009,0
2025-12-19 23:37:17.235,2.28515625,2.021484375,-2.88583492339997,1.23090375295433,0
2025-12-19 23:37:18.235,2.373046875,2.021484375,-2.89201350121165,1.27046027703685,0
2025-12-19 23:37:19.235,2.373046875,2.021484375,-2.8661476906108,1.29350371445788,0
2025-12-19 23:37:20.235,2.28515625,2.021484375,-2.81522473464001,1.29888628580727,0
2025-12-19 23:37:21.235,2.28515625,2.021484375,-2.93180653110184,1.25386175004391,0
2025-12-19 23:37:22.235,2.373046875,2.021484375,-2.98267700495652,1.24433743692918,0
2025-12-19 23:37:23.235,2.28515625,2.021484375,-2.93790737146726,1.24045170771901,0
2025-12-19 23:37:24.235,2.373046875,2.021484375,-2.90981467037326,1.23087459988125,0
2025-12-19 23:37:25.235,2.373046875,2.021484375,-2.98655095709484,1.20531652352811,0
2025-12-19 23:37:26.235,2.373046875,2.021484375,-2.96221979076044,1.22429678680157,0
2025-12-19 23:37:27.235,2.373046875,1.93359375,-2.96883167132694,1.24492845099086,0
2025-12-19 23:37:28.235,2.28515625,2.021484375,-3.06926033334775,1.22002234780575,0
2025-12-19 23:37:29.235,2.373046875,2.021484375,-3.05305465930305,1.21742579054874,0
2025-12-19 23:37:30.235,2.373046875,2.021484375,-3.19607401159076,1.27631904073029,0
2025-12-19 23:37:31.235,2.373046875,2.021484375,-3.19467704000142,1.24934438447494,0
2025-12-19 23:37:32.235,2.373046875,2.021484375,-3.21976562270552,1.18174093675792,0
2025-12-19 23:37:33.235,2.373046875,1.93359375,-3.26547397675942,1.29215305780854,0
2025-12-19 23:37:34.235,2.373046875,2.021484375,-3.38859777062928,1.34282021517089,0
2025-12-19 23:37:35.235,2.373046875,2.021484375,-3.23820638830264,1.3842930072442,0
2025-12-19 23:37:36.235,2.373046875,2.021484375,-3.35697921925206,1.33224853063922,0
2025-12-19 23:37:37.235,2.373046875,2.021484375,-3.35903172762702,1.35428008960556,0
2025-12-19 23:37:38.235,2.373046875,2.021484375,-3.38164917413115,1.32276322026359,0
2025-12-19 23:37:39.235,2.373046875,2.021484375,-3.35487542645028,1.30651486324589,0
2025-12-19 23:37:40.235,2.373046875,2.021484375,-3.33399048531768,1.2923449727894,0
2025-12-19 23:37:41.235,2.373046875,2.021484375,-3.30572147521627,1.31330164153372,0
2025-12-19 23:37:42.235,2.373046875,2.021484375,-3.03866977406817,1.35765571546208,0
2025-12-19 23:37:43.235,2.373046875,2.021484375,-3.04813144146432,1.33857656945487,0
2025-12-19 23:37:44.235,2.373046875,2.021484375,-3.2045675591042,1.30714916597762,0
2025-12-19 23:37:45.235,2.373046875,2.021484375,-3.18430274290606,1.34079862553982,0
2025-12-19 23:37:46.235,2.373046875,2.021484375,-3.11380066359433,1.28765286143341,0
2025-12-19 23:37:47.235,2.373046875,2.021484375,-3.10174415709358,1.27050313303755,0
2025-12-19 23:37:48.235,357.71484375,349.8046875,-3.21567930722487,1.25912893755824,0
2025-12-19 23:37:49.235,1.0546875,353.759765625,-3.04872224208093,1.29444685816523,0
2025-12-19 23:37:50.235,2.109375,354.55078125,-2.77927995519433,1.41185639071075,0
2025-12-19 23:37:51.235,2.373046875,354.55078125,-2.73677897298695,1.4165081174547,0
2025-12-19 23:37:52.235,2.8125,344.35546875,-2.88250252657614,1.39326971924763,0
2025-12-19 23:37:53.235,2.63671875,353.408203125,-2.93836456738034,1.40928508923998,0
2025-12-19 23:37:54.235,2.548828125,355.517578125,-2.67162337376036,1.44003521745923,0
2025-12-19 23:37:55.235,2.63671875,354.462890625,-2.56941499451646,1.46752585525325,0
2025-12-19 23:37:56.235,2.63671875,354.7265625,-2.55622224754672,1.49003913599888,0
2025-12-19 23:37:57.235,2.63671875,355.60546875,-2.55592363850941,1.48791968145145,0
2025-12-19 23:37:58.235,2.63671875,354.814453125,-2.62807804531914,1.50718461210016,0
2025-12-19 23:37:59.235,2.724609375,354.90234375,-2.66763741313579,1.53933365608604,0
2025-12-19 23:38:00.235,2.63671875,355.517578125,-2.63567975657054,1.52896084606684,0
2025-12-19 23:38:01.235,2.63671875,356.220703125,-2.56454796001184,1.53907843467629,0
2025-12-19 23:38:02.235,2.63671875,356.396484375,-2.45650423900197,1.49182475036199,0
2025-12-19 23:38:03.235,2.548828125,356.572265625,-2.49164094336052,1.50109898821192,0
2025-12-19 23:38:04.235,2.548828125,357.36328125,-2.62271051606677,1.57178366666768,0
2025-12-19 23:38:05.235,2.900390625,352.001953125,-2.59383175814411,1.55826766741146,0
2025-12-19 23:38:06.235,2.8125,348.486328125,-2.66202165603664,1.58712377826284,0
2025-12-19 23:38:07.235,2.724609375,351.5625,-2.69293437878258,1.56071415204652,0
2025-12-19 23:38:08.235,2.724609375,351.9140625,-2.75849900346017,1.55799967660202,0
2025-12-19 23:38:09.235,2.724609375,352.705078125,-2.80346202613568,1.5537893872861,0
2025-12-19 23:38:10.235,2.8125,351.73828125,-2.79934893672257,1.56251639313265,0
2025-12-19 23:38:11.235,2.900390625,349.27734375,-2.70648007487286,1.55799763380521,0
2025-12-19 23:38:12.235,2.724609375,351.9140625,-2.75511104833875,1.4646379306289,0
2025-12-19 23:38:13.235,2.724609375,354.90234375,-2.83055791616573,1.46088670747817,0
2025-12-19 23:38:14.235,2.900390625,355.078125,-2.80554558759921,1.5115116150106,0
2025-12-19 23:38:15.235,2.63671875,358.2421875,-2.76768885895596,1.55554726564092,0
2025-12-19 23:38:16.235,2.724609375,356.484375,-2.77379706894057,1.56342591829556,0
2025-12-19 23:38:17.235,2.724609375,357.275390625,-2.75091819992442,1.60622551646767,0
2025-12-19 23:38:18.235,2.724609375,357.36328125,-2.75394907050888,1.63881258727675,0
2025-12-19 23:38:19.235,2.724609375,357.1875,-2.73620940334573,1.6571943272603,0
2025-12-19 23:38:20.235,2.724609375,357.451171875,-2.72911482783918,1.64245060489834,0
2025-12-19 23:38:21.235,2.900390625,356.572265625,-2.76060269022364,1.62098563792848,0
2025-12-19 23:38:22.235,2.900390625,355.869140625,-2.76809856458299,1.60863058209191,0
2025-12-19 23:38:23.235,2.8125,356.8359375,-2.74656781747689,1.57765409788454,0
2025-12-19 23:38:24.235,2.900390625,356.748046875,-2.74801672364743,1.59555308095827,0
2025-12-19 23:38:25.235,2.98828125,356.220703125,-2.75469025233328,1.58130615366259,0
2025-12-19 23:38:26.235,2.98828125,356.923828125,-2.73246320610886,1.56840568000457,0
2025-12-19 23:38:27.235,2.900390625,357.36328125,-2.7180714783865,1.57956079926757,0
2025-12-19 23:38:28.235,2.98828125,357.099609375,-2.71812232156156,1.59471919616342,0
2025-12-19 23:38:29.235,2.98828125,357.1875,-2.73699865359735,1.60212978321242,0
2025-12-19 23:38:30.235,2.98828125,357.1875,-2.73238418769869,1.60907605765147,0
2025-12-19 23:38:31.235,2.98828125,357.275390625,-2.74492653740817,1.60896241219316,0
2025-12-19 23:38:32.235,2.98828125,357.36328125,-2.7485004633688,1.6022310965982,0
2025-12-19 23:38:33.235,2.98828125,357.451171875,-2.74831920753611,1.58937512084499,0
2025-12-19 23:38:34.235,2.98828125,357.5390625,-2.75465769229683,1.5882165361189,0
2025-12-19 23:38:35.235,2.98828125,357.099609375,-2.74345105733496,1.57871269188732,0
2025-12-19 23:38:36.235,3.1640625,356.66015625,-2.75940739518074,1.57689708984386,0
2025-12-19 23:38:37.235,1.845703125,335.56640625,-2.77519390017888,1.51460043991188,0
2025-12-19 23:38:38.235,2.197265625,343.037109375,-2.67688060322359,1.48902629817977,0
2025-12-19 23:38:39.235,2.373046875,343.388671875,-2.63183703052716,1.47462868820532,0
2025-12-19 23:38:40.235,332.2265625,293.02734375,-2.6176159011881,1.49238625015427,0
2025-12-19 23:38:41.235,291.884765625,296.89453125,-2.43125432698452,1.48161002884592,0
2025-12-19 23:38:42.235,285.99609375,294.43359375,-2.25637197456773,1.59299711205488,0
2025-12-19 23:38:43.235,294.43359375,285.99609375,-1.82468150963225,1.9869027188816,3
2025-12-19 23:38:44.235,292.32421875,285.99609375,-1.50542012686567,2.37287128674802,3
2025-12-19 23:38:45.235,302.080078125,285.380859375,-1.30365581218543,3.21509772265974,3
2025-12-19 23:38:46.235,290.478515625,271.93359375,-1.30313197605042,3.78884041052323,3
2025-12-19 23:38:47.235,290.302734375,272.373046875,-1.69723638753129,4.65195781003117,3
2025-12-19 23:38:48.235,285.8203125,300.498046875,-2.0046951889613,4.9948683370038,3
2025-12-19 23:38:49.235,284.853515625,291.708984375,-2.31201288185907,5.29045327081579,3
2025-12-19 23:38:50.235,359.82421875,1.318359375,-2.62905443242946,5.39976988158237,3
2025-12-19 23:38:51.235,2.021484375,1.494140625,-2.71437802336652,5.41507697997207,3
2025-12-19 23:38:52.235,2.109375,1.58203125,-2.68118968080507,5.33665293956242,0
2025-12-19 23:38:53.235,2.021484375,1.7578125,-2.64167640034292,5.23815855857975,0
2025-12-19 23:38:54.235,1.93359375,1.845703125,-2.58126596081486,5.07462803587629,0
2025-12-19 23:38:55.235,2.021484375,1.845703125,-2.64047757718112,5.02775830080904,0
2025-12-19 23:38:56.235,1.93359375,1.58203125,-2.66608496077165,4.98836449229107,0
2025-12-19 23:38:57.235,1.93359375,1.40625,-2.67682965265551,4.97123078123603,0
2025-12-19 23:38:58.235,2.109375,1.23046875,-2.70561995916255,4.94051956617501,0
2025-12-19 23:38:59.235,2.021484375,1.40625,-2.64824235164992,4.89640168177895,0
2025-12-19 23:39:00.235,1.93359375,1.669921875,-2.60259512851571,4.91000656059295,4
2025-12-19 23:39:01.235,1.93359375,1.494140625,-2.54370739791999,4.86922821459027,4
2025-12-19 23:39:02.235,1.93359375,1.494140625,-2.54092219063327,4.86984864651874,4
2025-12-19 23:39:03.235,1.93359375,1.494140625,-2.54418248970781,4.90147708566672,4
2025-12-19 23:39:04.235,2.109375,1.40625,-2.54021995432662,4.93990830079009,4
2025-12-19 23:39:05.235,2.021484375,1.318359375,-2.52568584916118,4.91149678201976,4
2025-12-19 23:39:06.235,2.021484375,1.40625,-2.51235541342157,4.86397096564763,0
2025-12-19 23:39:07.235,2.021484375,1.494140625,-2.52788690679569,4.84424755815865,0
2025-12-19 23:39:08.235,2.021484375,1.40625,-2.53110496039965,4.84473855818835,0
2025-12-19 23:39:09.235,2.021484375,1.40625,-2.5236419890453,4.85619682345049,0
2025-12-19 23:39:10.235,2.021484375,1.494140625,-2.53139550062723,4.8763784826221,0
2025-12-19 23:39:11.235,2.021484375,1.58203125,-2.52610922407177,4.87988000542976,0
2025-12-19 23:39:12.235,1.845703125,1.845703125,-2.57255908222138,4.96692909928138,0
2025-12-19 23:39:13.235,2.109375,1.494140625,-2.56078163328287,4.95433164470053,0
2025-12-19 23:39:14.235,2.109375,1.318359375,-2.55766605389099,4.95709816952558,0
2025-12-19 23:39:15.235,2.021484375,1.58203125,-2.61924545754707,4.98703531229567,0
2025-12-19 23:39:16.235,2.021484375,1.494140625,-2.57816574357254,4.96790214188088,0
2025-12-19 23:39:17.235,2.109375,1.318359375,-2.55615136109101,4.95601259712278,0
2025-12-19 23:39:18.235,2.109375,1.40625,-2.5343027018878,4.93910369868654,0
2025-12-19 23:39:19.235,2.021484375,1.494140625,-2.52534632355211,4.94151568266807,0
2025-12-19 23:39:20.235,2.021484375,1.58203125,-2.55822712623819,4.97262668694889,0
2025-12-19 23:39:21.235,2.021484375,1.494140625,-2.5542419999187,5.01014675847681,0
2025-12-19 23:39:22.235,2.021484375,1.494140625,-2.53233745244542,5.04126857648083,0
2025-12-19 23:39:23.235,2.109375,1.494140625,-2.63097710293286,5.05252093081363,0
2025-12-19 23:39:24.235,2.197265625,1.0546875,-2.72300487560977,5.0637927120502,0
2025-12-19 23:39:25.235,2.021484375,1.494140625,-2.67436981438358,5.03643952546385,0
2025-12-19 23:39:26.235,2.021484375,1.669921875,-2.62242768000686,4.99118247795816,0
2025-12-19 23:39:27.235,2.021484375,1.669921875,-2.59267348168727,4.97357798983713,0
2025-12-19 23:39:28.235,2.021484375,1.494140625,-2.55196612287383,4.95115527513513,0
2025-12-19 23:39:29.235,2.109375,1.40625,-2.53268776642661,4.95204558266483,0
2025-12-19 23:39:30.235,2.109375,1.494140625,-2.53856626584235,4.96317691704466,0
2025-12-19 23:39:31.235,2.021484375,1.40625,-2.53871816774685,4.96389025926309,0
2025-12-19 23:39:32.235,2.021484375,1.40625,-2.54244252885336,4.95840956653924,0
2025-12-19 23:39:33.235,2.021484375,1.494140625,-2.54908932380848,4.96031617881209,0
2025-12-19 23:39:34.235,2.109375,1.318359375,-2.56621309815695,4.95890539085692,0
2025-12-19 23:39:35.235,2.109375,1.40625,-2.5486156148148,4.95795498355756,0
2025-12-19 23:39:36.235,2.197265625,1.23046875,-2.53720498981174,4.95244220619119,0
2025-12-19 23:39:37.235,2.109375,1.494140625,-2.54767493738853,4.95652626980617,0
2025-12-19 23:39:38.235,2.197265625,1.40625,-2.55356849498554,4.94539278842433,0
2025-12-19 23:39:39.235,2.021484375,1.669921875,-2.56076973983283,4.91193801486897,0
2025-12-19 23:39:40.235,2.021484375,1.7578125,-2.56145000658079,4.93109681172724,0
2025-12-19 23:39:41.235,2.197265625,1.318359375,-2.55357176781134,4.94790034248615,0
2025-12-19 23:39:42.235,2.28515625,1.23046875,-2.47304496687699,5.00244649910521,0
2025-12-19 23:39:43.235,2.021484375,1.669921875,-2.62328719785022,5.03929822808324,0
2025-12-19 23:39:44.235,2.109375,1.40625,-2.63841598462916,5.02748117971165,0
2025-12-19 23:39:45.235,2.28515625,1.142578125,-2.73002139508784,5.05080506125867,0
2025-12-19 23:39:46.235,2.197265625,1.318359375,-2.65657192430949,5.02879439574804,0
2025-12-19 23:39:47.235,2.28515625,1.23046875,-2.63192952152929,5.01804984014558,0
2025-12-19 23:39:48.235,2.109375,1.58203125,-2.65839685876945,5.03812959483994,0
2025-12-19 23:39:49.235,1.93359375,1.845703125,-2.60560644194584,5.01748019649302,0
2025-12-19 23:39:50.235,2.28515625,1.23046875,-2.58416113386979,5.0074302417955,0
2025-12-19 23:39:51.235,2.021484375,1.669921875,-2.53778918837007,4.99207833602662,0
2025-12-19 23:39:52.235,1.93359375,1.845703125,-2.54245743627167,4.97450853706393,0
2025-12-19 23:39:53.235,2.021484375,1.669921875,-2.55715645848935,4.95192995547049,0
2025-12-19 23:39:54.235,2.109375,1.40625,-2.57106775171093,4.90988048299413,0
2025-12-19 23:39:55.235,2.109375,1.58203125,-2.58357186201287,4.89850289650026,0
2025-12-19 23:39:56.235,1.93359375,1.845703125,-2.6022346728362,4.93528110853028,0
2025-12-19 23:39:57.235,2.021484375,1.669921875,-2.62796983149061,4.94498542843509,0
2025-12-19 23:39:58.235,2.021484375,1.669921875,-2.64656161099721,5.00569473704507,0
2025-12-19 23:39:59.235,2.021484375,1.7578125,-2.64016323177982,5.04389011202235,0
2025-12-19 23:40:00.235,2.021484375,1.7578125,-2.65196791498252,5.07230296902519,0
2025-12-19 23:40:01.235,2.021484375,1.7578125,-2.64641592852543,5.08032785071376,0
2025-12-19 23:40:02.235,2.021484375,1.58203125,-2.65112388261004,5.07342939335904,0
2025-12-19 23:40:03.235,2.109375,1.494140625,-2.56010780343356,5.08356158002185,0
2025-12-19 23:40:04.235,2.021484375,1.669921875,-2.60530080850298,5.06830829482156,0
2025-12-19 23:40:05.235,2.021484375,1.7578125,-2.60486122569068,5.05044615094729,0
2025-12-19 23:40:06.235,2.021484375,1.845703125,-2.64150271744062,5.02749992255575,0
2025-12-19 23:40:07.235,2.021484375,1.845703125,-2.64193601874911,5.01019862815449,0
2025-12-19 23:40:08.235,2.021484375,1.845703125,-2.63211279419707,5.00501333292352,0
2025-12-19 23:40:09.235,2.021484375,1.845703125,-2.6445503599923,5.00414445929311,0
2025-12-19 23:40:10.235,2.021484375,1.845703125,-2.63293044246504,5.00421637066236,0
2025-12-19 23:40:11.235,1.93359375,1.845703125,-2.62547001063166,5.00745878397998,0
2025-12-19 23:40:12.235,2.021484375,1.845703125,-2.64690845969508,4.996604760768,0
2025-12-19 23:40:13.235,1.93359375,1.93359375,-2.65507762122615,5.0031980743882,0
2025-12-19 23:40:14.235,2.109375,1.845703125,-2.65099452118353,5.00461708106965,0
2025-12-19 23:40:15.235,2.021484375,1.845703125,-2.64281648294593,5.0054863485882,0
2025-12-19 23:40:16.235,2.021484375,1.845703125,-2.65840452230389,5.01329220673422,0
2025-12-19 23:40:17.235,2.109375,1.7578125,-2.73400533585842,4.99322671952153,0
2025-12-19 23:40:18.235,2.021484375,1.845703125,-2.74129232143514,4.99364404266649,0
2025-12-19 23:40:19.235,2.109375,1.845703125,-2.69651599967905,5.00337795184087,0
2025-12-19 23:40:20.235,2.109375,1.845703125,-2.66858714998607,5.00438231743735,0
2025-12-19 23:40:21.235,2.021484375,1.845703125,-2.66081414010041,5.00557637849663,0
2025-12-19 23:40:22.235,2.197265625,1.7578125,-2.67453045489595,5.00504562501092,0
2025-12-19 23:40:23.235,2.109375,1.845703125,-2.64949071905916,5.00818144465223,0
2025-12-19 23:40:24.235,2.109375,1.845703125,-2.61510535550957,5.01334533428668,0
2025-12-19 23:40:25.235,2.021484375,1.7578125,-2.64884939296731,5.0154977265403,0
2025-12-19 23:40:26.235,2.109375,1.7578125,-2.65173829298031,5.01770964359809,0
2025-12-19 23:40:27.235,2.021484375,1.93359375,-2.58988339729418,5.02729774377579,0
2025-12-19 23:40:28.235,2.021484375,1.93359375,-2.5914925787403,5.02445633375766,0
2025-12-19 23:40:29.235,2.109375,1.7578125,-2.64501396069347,5.02973672228768,0
2025-12-19 23:40:30.235,2.109375,1.669921875,-2.64125785284525,5.02199520885978,0
2025-12-19 23:40:31.235,2.021484375,1.669921875,-2.62891036076061,5.00398683743186,0
2025-12-19 23:40:32.235,2.109375,1.93359375,-2.56654521254288,5.01827663263695,0
2025-12-19 23:40:33.235,2.373046875,1.669921875,-2.50656437116384,5.0335214770618,0
2025-12-19 23:40:34.235,2.63671875,1.669921875,-2.484192675615,5.02688477705844,0
2025-12-19 23:40:35.235,2.63671875,1.7578125,-2.48951640548439,5.02480081347832,0
2025-12-19 23:40:36.235,2.548828125,1.845703125,-2.51440725533242,5.01443381442688,0
2025-12-19 23:40:37.235,2.548828125,1.845703125,-2.5304028390189,4.99080468903472,0
2025-12-19 23:40:38.235,2.548828125,1.845703125,-2.53054014778667,4.98190867190997,0
2025-12-19 23:40:39.235,2.548828125,1.845703125,-2.53262638983498,4.98431516304002,0
2025-12-19 23:40:40.235,2.548828125,1.845703125,-2.52102366538442,4.99316248064244,0
2025-12-19 23:40:41.235,2.548828125,1.845703125,-2.52020915728142,4.97798700079159,0
2025-12-19 23:40:42.235,2.724609375,1.7578125,-2.53448993689039,4.97505311975858,0
2025-12-19 23:40:43.235,2.63671875,1.845703125,-2.5607626705729,4.9971408044408,0
2025-12-19 23:40:44.235,2.63671875,1.845703125,-2.55184937098685,5.01949876659039,0
2025-12-19 23:40:45.235,2.63671875,1.845703125,-2.52290348762942,5.02524732149267,0
2025-12-19 23:40:46.235,2.4609375,1.845703125,-2.52503102208198,5.0134198621038,0
2025-12-19 23:40:47.235,2.4609375,1.845703125,-2.52166938104551,5.01354214523454,0
2025-12-19 23:40:48.235,2.63671875,1.93359375,-2.54494949347078,5.00925068252467,0
2025-12-19 23:40:49.235,2.63671875,1.93359375,-2.53697062996692,5.00527395128976,0
2025-12-19 23:40:50.235,2.63671875,1.845703125,-2.50495407850546,5.01050430438231,0
2025-12-19 23:40:51.235,2.548828125,1.7578125,-2.51884260219897,5.00312216392939,0
2025-12-19 23:40:52.235,2.548828125,1.669921875,-2.52483335795099,4.97970536395278,0
2025-12-19 23:40:53.235,2.373046875,1.93359375,-2.52869663657623,5.00416915030132,0
2025-12-19 23:40:54.235,2.28515625,1.93359375,-2.53861164166564,5.02071101614908,0
2025-12-19 23:40:55.235,2.63671875,1.845703125,-2.5256118935274,5.02271398759808,0
2025-12-19 23:40:56.235,2.63671875,1.845703125,-2.5299337761056,5.03645059063054,0
2025-12-19 23:40:57.235,2.63671875,1.7578125,-2.52253986114702,5.04254243684723,0
2025-12-19 23:40:58.235,2.63671875,1.7578125,-2.51951664895598,5.04306384291114,0
2025-12-19 23:40:59.235,2.8125,1.7578125,-2.50402007573701,5.03478304931296,0
2025-12-19 23:41:00.235,2.63671875,1.669921875,-2.51501019990108,5.03017612012289,0
2025-12-19 23:41:01.235,2.63671875,1.845703125,-2.51731206763832,5.03098383636227,0
2025-12-19 23:41:02.235,2.63671875,1.7578125,-2.51122110648288,5.04092116125471,5
2025-12-19 23:41:03.235,2.373046875,1.7578125,-2.56906569957437,5.05983007371145,5
2025-12-19 23:41:04.235,291.97265625,303.57421875,-2.61142470854435,5.0135903785951,5
2025-12-19 23:41:05.235,287.666015625,300.849609375,-2.55218207180099,4.94594718348234,5
2025-12-19 23:41:06.235,286.69921875,283.7109375,-2.14714715988776,4.70391719517909,5
2025-12-19 23:41:07.235,285.29296875,288.017578125,-1.67922739161,4.67750213236853,5
2025-12-19 23:41:08.236,285.732421875,307.529296875,-0.89610294551784,4.6726918120266,5
2025-12-19 23:41:09.235,279.228515625,279.580078125,-0.302342452711562,4.70991558511293,0
2025-12-19 23:41:10.235,292.060546875,272.8125,0.487523237476998,4.82540083679623,0
2025-12-19 23:41:11.235,277.470703125,285.99609375,1.02529556257736,4.92267557416883,0
2025-12-19 23:41:12.235,294.873046875,273.779296875,1.7431227076089,5.06881244337011,0
2025-12-19 23:41:13.235,296.54296875,278.876953125,2.19660664452196,5.19437835550428,0
2025-12-19 23:41:14.235,300.5859375,273.69140625,2.77370954248455,5.30595104395931,6
2025-12-19 23:41:15.235,286.875,280.01953125,3.09090141634842,5.29521614617628,6
2025-12-19 23:41:16.235,288.896484375,280.1953125,3.24960068990093,5.19748994653194,6
2025-12-19 23:44:39.776,288.45703125,296.806640625,4.34267428823752,1.44492267312249,0
2025-12-19 23:44:40.776,288.45703125,298.388671875,4.33610927881161,1.46124154413973,0
2025-12-19 23:44:41.777,288.45703125,296.89453125,4.30426028385875,1.46392007234825,0
2025-12-19 23:44:42.776,284.4140625,310.60546875,4.17180134496093,1.50045003205115,0
2025-12-19 23:44:43.776,289.599609375,297.7734375,3.56556226423244,1.36687190492015,0
2025-12-19 23:44:44.776,274.833984375,301.81640625,2.974745445871,1.28883692610753,0
2025-12-19 23:44:45.776,294.609375,293.115234375,1.88304447843753,1.05350505729262,0
2025-12-19 23:44:46.776,292.939453125,290.56640625,1.16488908096582,1.08484767309699,0
2025-12-19 23:44:47.776,301.9921875,293.02734375,0.02104423239186,1.19853371857076,0
2025-12-19 23:44:48.776,287.138671875,283.53515625,-0.935021671671568,1.26489799215171,1
2025-12-19 23:44:49.776,285.8203125,311.8359375,-2.15328699895606,1.3192978560219,1
2025-12-19 23:44:50.776,286.5234375,308.759765625,-2.71560881632495,1.32269417921853,1
2025-12-19 23:44:51.776,353.759765625,356.923828125,-3.30133317993187,1.39198350649231,1
2025-12-19 23:44:52.776,1.7578125,1.93359375,-3.26127963834881,1.49392476180534,1
2025-12-19 23:44:53.776,2.197265625,1.58203125,-3.14680902688909,1.59374548304823,1
2025-12-19 23:44:54.776,2.548828125,1.93359375,-3.12627256271291,1.66783050744459,0
2025-12-19 23:44:55.776,2.28515625,1.845703125,-2.92233439790705,1.63377985499434,0
2025-12-19 23:44:56.776,2.4609375,1.669921875,-2.79117354741591,1.60643391857309,0
2025-12-19 23:44:57.776,2.109375,1.93359375,-2.98984333221702,1.56045592326459,0
2025-12-19 23:44:58.776,2.197265625,1.93359375,-2.86389546223522,1.62302990712972,0
2025-12-19 23:44:59.776,2.197265625,1.93359375,-2.90896609487174,1.55752480341924,0
2025-12-19 23:45:00.776,2.28515625,1.93359375,-2.87602610083922,1.54181514890646,0
2025-12-19 23:45:01.776,2.28515625,1.93359375,-2.86612641993011,1.48831611136402,2
2025-12-19 23:45:02.776,2.197265625,1.93359375,-2.92223357247537,1.4526246496226,2
2025-12-19 23:45:03.776,2.197265625,2.021484375,-2.77864614255848,1.46965014191093,2
2025-12-19 23:45:04.776,2.197265625,1.93359375,-2.62731958382678,1.50721213707819,2
2025-12-19 23:45:05.776,2.28515625,1.93359375,-2.57151137208275,1.5379395029065,2
2025-12-19 23:45:06.776,2.197265625,2.021484375,-2.62168863314265,1.52018553054794,2
2025-12-19 23:45:07.776,2.197265625,2.021484375,-2.70083305488573,1.49733248780096,2
2025-12-19 23:45:08.776,2.109375,1.93359375,-2.77674618678956,1.54745344122097,0
2025-12-19 23:45:09.776,2.197265625,1.93359375,-2.84877271772727,1.59467038281843,0
2025-12-19 23:45:10.776,2.28515625,2.021484375,-2.72050634733254,1.61180257993946,0
2025-12-19 23:45:11.776,2.28515625,2.021484375,-2.71543969828631,1.5690603725005,0
2025-12-19 23:45:12.776,2.28515625,2.021484375,-2.53966354171611,1.58959249326877,0
2025-12-19 23:45:13.776,2.197265625,2.021484375,-2.66508640926135,1.48633732108377,0
2025-12-19 23:45:14.776,2.197265625,2.021484375,-2.73576456281663,1.46353557238892,0
2025-12-19 23:45:15.776,2.197265625,2.021484375,-2.70907092565557,1.43323271033488,0
2025-12-19 23:45:16.776,2.197265625,2.021484375,-2.60970831964251,1.4653695406533,0
2025-12-19 23:45:17.776,2.28515625,1.93359375,-2.60733544297934,1.47233913000627,0
2025-12-19 23:45:18.776,2.28515625,1.93359375,-2.53260055269526,1.51181288819905,0
2025-12-19 23:45:19.776,2.28515625,1.93359375,-2.48851738599054,1.54127373061595,0
2025-12-19 23:45:20.776,2.28515625,2.021484375,-2.46950833149518,1.56745633989914,0
2025-12-19 23:45:21.776,2.28515625,1.93359375,-2.47377935590477,1.54409095428934,0
2025-12-19 23:45:22.776,2.28515625,1.93359375,-2.51875710503555,1.53000380770619,0
2025-12-19 23:45:23.776,2.28515625,1.93359375,-2.5432703371649,1.52427334686252,0
2025-12-19 23:45:24.776,2.28515625,1.93359375,-2.63919221265128,1.50891519639461,0
2025-12-19 23:45:25.776,2.28515625,2.021484375,-2.78623138287085,1.50045398275658,0
2025-12-19 23:45:26.776,2.373046875,2.021484375,-2.9426102677637,1.51208337011291,0
2025-12-19 23:45:27.776,2.373046875,2.021484375,-2.97155040406482,1.49064010909346,0
2025-12-19 23:45:28.776,2.373046875,2.021484375,-2.9693224070078,1.51615699222878,0
2025-12-19 23:45:29.776,2.373046875,2.021484375,-3.1187645834668,1.58988954971135,0
2025-12-19 23:45:30.776,2.373046875,2.021484375,-3.15092928578876,1.55303023510745,0
2025-12-19 23:45:31.776,2.373046875,2.021484375,-2.94164791611724,1.54808792984465,0
2025-12-19 23:45:32.776,2.373046875,1.93359375,-2.72999369708585,1.52551644158668,0
2025-12-19 23:45:33.776,2.373046875,2.021484375,-2.60812944403668,1.54293021329332,0
2025-12-19 23:45:34.776,2.373046875,2.021484375,-2.5269256263553,1.5727311351949,0
2025-12-19 23:45:35.776,2.4609375,2.021484375,-2.50192211154937,1.58196644539508,0
2025-12-19 23:45:36.776,2.4609375,1.93359375,-2.46578910413829,1.57518896101073,0
2025-12-19 23:45:37.776,2.4609375,2.021484375,-2.86426213790833,1.4370305214778,0
2025-12-19 23:45:38.776,2.4609375,2.021484375,-2.93010868994125,1.42401887181686,0
2025-12-19 23:45:39.776,2.4609375,2.021484375,-2.93689421076581,1.41726966832586,0
2025-12-19 23:45:40.776,2.4609375,2.021484375,-2.78511345028069,1.47913211931954,0
2025-12-19 23:45:41.776,2.373046875,2.021484375,-2.76413248323579,1.50192392480221,0
2025-12-19 23:45:42.776,2.373046875,2.021484375,-2.64655973833889,1.53119625627736,0
2025-12-19 23:45:43.776,2.373046875,2.021484375,-2.61985785900198,1.53973740752678,0
2025-12-19 23:45:44.776,2.373046875,2.021484375,-2.58182522357403,1.55887083028523,0
2025-12-19 23:45:45.776,2.373046875,2.021484375,-2.63596311266604,1.54260524266337,0
2025-12-19 23:45:46.776,2.373046875,2.021484375,-2.69727679964925,1.51787473339676,0
2025-12-19 23:45:47.776,2.373046875,2.021484375,-2.71112855510456,1.51392521985323,0
2025-12-19 23:45:48.776,2.373046875,2.021484375,-2.8157739387471,1.4708771236088,0
2025-12-19 23:45:49.776,2.373046875,2.021484375,-2.69996258051732,1.51344191078073,0
2025-12-19 23:45:50.776,2.4609375,2.021484375,-2.64510993028334,1.52819929135254,0
2025-12-19 23:45:51.776,2.373046875,2.021484375,-2.59094346936623,1.54365906189189,0
2025-12-19 23:45:52.776,2.373046875,2.021484375,-2.674948382454,1.51743806826504,0
2025-12-19 23:45:53.776,2.373046875,2.021484375,-2.62634554735594,1.5279913714203,0
2025-12-19 23:45:54.776,2.373046875,2.021484375,-2.699239863092,1.50462689892108,0
2025-12-19 23:45:55.776,2.373046875,2.021484375,-2.69625421829232,1.5136573968156,0
2025-12-19 23:45:56.776,2.373046875,2.021484375,-2.64520059863567,1.53228615423375,0
2025-12-19 23:45:57.776,2.373046875,2.021484375,-2.6328148575504,1.53484159392492,0
2025-12-19 23:45:58.776,2.28515625,2.021484375,-2.60632158171658,1.54706007885878,0
2025-12-19 23:45:59.776,2.4609375,1.93359375,-2.71740381691271,1.42441135472919,0
2025-12-19 23:46:00.776,2.373046875,2.021484375,-2.8934240825935,1.40898693056648,0
2025-12-19 23:46:01.776,2.373046875,1.93359375,-2.79498158429921,1.4651946831915,0
2025-12-19 23:46:02.776,2.4609375,1.93359375,-2.66735032111707,1.52769920557624,0
2025-12-19 23:46:03.776,2.4609375,1.93359375,-2.60828037032342,1.55519775937983,0
2025-12-19 23:46:04.776,2.373046875,2.021484375,-2.56703393231894,1.58223563128039,0
2025-12-19 23:46:05.776,2.373046875,2.021484375,-2.6251224732583,1.56030596207632,0
2025-12-19 23:46:06.776,2.4609375,1.93359375,-2.75722349137877,1.52376639067639,0
2025-12-19 23:46:07.776,2.4609375,1.7578125,-3.23359238645755,1.38218368178312,0
2025-12-19 23:46:08.776,2.548828125,1.93359375,-3.5104325993287,1.32736836691722,0
2025-12-19 23:46:09.776,2.548828125,1.93359375,-3.59628088615575,1.2847736677158,0
2025-12-19 23:46:10.776,2.4609375,1.93359375,-3.71560224435561,1.27427912764498,0
2025-12-19 23:46:11.776,2.373046875,2.109375,-3.52500131999346,1.31535348327116,0
2025-12-19 23:46:12.776,2.373046875,2.109375,-3.1603042226149,1.39576610533431,0
2025-12-19 23:46:13.776,2.28515625,2.021484375,-2.85179515414161,1.4712463434069,0
2025-12-19 23:46:14.776,2.28515625,2.109375,-2.73397106264224,1.50524782759343,0
2025-12-19 23:46:15.776,2.28515625,2.109375,-2.86210871238623,1.46484304635032,0
2025-12-19 23:46:16.776,2.28515625,2.109375,-2.74909588815822,1.50119520882328,0
2025-12-19 23:46:17.776,2.28515625,2.109375,-2.75578115302629,1.4941754400517,0
2025-12-19 23:46:18.776,2.28515625,2.021484375,-2.66602084237982,1.49362151847202,0
2025-12-19 23:46:19.776,2.28515625,2.021484375,-2.59967300178948,1.51970019791529,0
2025-12-19 23:46:20.776,2.28515625,2.021484375,-2.56787721304811,1.54864287384516,0
2025-12-19 23:46:21.776,2.373046875,2.021484375,-2.67122401629445,1.52239163789053,0
2025-12-19 23:46:22.776,2.373046875,2.021484375,-2.71365157570477,1.50961754761643,0
2025-12-19 23:46:23.776,2.28515625,2.021484375,-2.66657999071121,1.51558337387592,0
2025-12-19 23:46:24.776,2.28515625,2.021484375,-2.59394299962165,1.53331032763392,0
2025-12-19 23:46:25.776,2.373046875,2.021484375,-2.53207690221161,1.55772630659765,0
2025-12-19 23:46:26.776,2.373046875,2.021484375,-2.54104791869681,1.55467590850209,0
2025-12-19 23:46:27.776,2.28515625,2.109375,-2.55113895580103,1.55092722560091,0
2025-12-19 23:46:28.776,2.28515625,2.109375,-2.58695239608927,1.55568724815388,0
2025-12-19 23:46:29.776,2.373046875,2.021484375,-2.64518107865688,1.5775384658336,0
2025-12-19 23:46:30.776,2.28515625,2.021484375,-2.70169960686862,1.53053707045412,0
2025-12-19 23:46:31.776,2.373046875,2.021484375,-2.61452937883405,1.5418423840961,0
2025-12-19 23:46:32.776,2.28515625,2.109375,-2.78539573839033,1.45856360784707,0
2025-12-19 23:46:33.776,2.28515625,2.021484375,-2.69336125338822,1.49912503049955,0
2025-12-19 23:46:34.776,2.373046875,2.021484375,-2.6423614230933,1.52031756680147,0
2025-12-19 23:46:35.776,2.373046875,2.021484375,-2.60556249333581,1.52053600556079,0
2025-12-19 23:46:36.776,2.373046875,2.021484375,-2.61275817126593,1.52257714779052,0
2025-12-19 23:46:37.776,2.373046875,2.021484375,-2.66030147748581,1.52108960550628,0
2025-12-19 23:46:38.776,2.28515625,2.021484375,-2.63469312275947,1.53456630806267,0
2025-12-19 23:46:39.776,2.28515625,2.109375,-2.73489609680213,1.51869636599412,0
2025-12-19 23:46:40.776,2.28515625,2.109375,-2.83941662311748,1.50901128205007,0
2025-12-19 23:46:41.776,2.373046875,2.109375,-2.75975295506098,1.55508301279239,0
2025-12-19 23:46:42.776,2.28515625,2.021484375,-2.95097393151226,1.47500085513422,0
2025-12-19 23:46:43.776,2.373046875,2.021484375,-2.84695742068937,1.4604172643828,0
2025-12-19 23:46:44.776,2.373046875,2.021484375,-2.92823565859273,1.43626444331992,0
2025-12-19 23:46:45.776,2.373046875,2.021484375,-2.73573760334839,1.48592306652383,0
2025-12-19 23:46:46.776,2.373046875,2.021484375,-2.65391106176091,1.52925949694045,0
2025-12-19 23:46:47.776,2.373046875,2.021484375,-2.66562094412004,1.54953706367546,0
2025-12-19 23:46:48.776,2.28515625,2.021484375,-2.74371847017933,1.52711553936173,0
2025-12-19 23:46:49.776,2.28515625,2.021484375,-2.940171035754,1.43809093054351,0
2025-12-19 23:46:50.776,2.28515625,2.021484375,-3.08601663997362,1.39230327975692,0
2025-12-19 23:46:51.776,2.28515625,2.021484375,-2.93320134358567,1.43572799471404,0
2025-12-19 23:46:52.776,2.28515625,2.021484375,-3.00798227917775,1.41770995880514,0
2025-12-19 23:46:53.776,2.373046875,2.021484375,-2.87219177038314,1.5016210669197,0
2025-12-19 23:46:54.776,2.373046875,2.021484375,-2.90603927100321,1.49057643767184,0
2025-12-19 23:46:55.776,2.28515625,2.021484375,-2.92142347768925,1.47487096488694,0
2025-12-19 23:46:56.776,2.28515625,2.021484375,-2.89485466472132,1.48183289570351,0
2025-12-19 23:46:57.776,2.373046875,2.021484375,-2.76106467787511,1.519354127187,0
2025-12-19 23:46:58.776,2.28515625,2.021484375,-2.77719968008441,1.51156565379664,0
2025-12-19 23:46:59.776,2.109375,2.109375,-2.92066505584238,1.4842432697435,0
2025-12-19 23:47:00.776,2.373046875,1.93359375,-2.80163070476466,1.49790331019431,0
2025-12-19 23:47:01.776,2.63671875,1.93359375,-2.83139517567943,1.42793371515008,0
2025-12-19 23:47:02.776,2.63671875,1.7578125,-2.8347024195453,1.41355666698646,0
2025-12-19 23:47:03.776,2.109375,2.021484375,-3.00670342443302,1.33020657243931,0
2025-12-19 23:47:04.776,298.388671875,302.6953125,-3.07059331081428,1.29802708398245,0
2025-12-19 23:47:05.776,288.193359375,294.521484375,-3.12003089144943,1.27574698041107,0
2025-12-19 23:47:06.776,285.908203125,303.92578125,-3.13296467407174,1.27275155841451,0
2025-12-19 23:47:07.776,284.4140625,305.068359375,-3.13035750268344,1.27620345473983,3
2025-12-19 23:47:08.776,281.162109375,306.2109375,-3.1192400737657,1.2842753362829,3
2025-12-19 23:47:09.776,290.7421875,288.6328125,-3.11060505356996,1.28974188889402,3
2025-12-19 23:47:10.776,284.94140625,283.7109375,-3.09916920514606,1.29649515830907,3
2025-12-19 23:47:11.776,286.083984375,280.986328125,-3.09103625542816,1.30099062499066,3
2025-12-19 23:47:12.776,308.3203125,309.990234375,-3.0875080346328,1.30282720222043,3
2025-12-19 23:47:13.776,357.978515625,1.58203125,-3.08452469521528,1.30425690200309,3
2025-12-19 23:47:14.776,1.669921875,2.021484375,-2.95516652187527,2.24785696101037,3
2025-12-19 23:47:15.776,1.93359375,2.021484375,-2.71182673848115,4.31417863260296,0
2025-12-19 23:47:16.776,1.93359375,2.109375,-2.59606500667177,5.1076399221969,0
2025-12-19 23:47:17.776,2.197265625,2.197265625,-2.46738904847933,5.73688680810212,0
2025-12-19 23:47:18.776,2.373046875,2.109375,-2.45893616048088,5.79825613125023,0
2025-12-19 23:47:19.776,2.4609375,2.109375,-2.46982703538096,5.69206662554129,0
2025-12-19 23:47:20.776,2.373046875,1.93359375,-2.48517704036149,5.57921685711728,0
2025-12-19 23:47:21.776,2.548828125,1.7578125,-2.52877823386411,5.37819076261944,0
2025-12-19 23:47:22.776,2.373046875,1.93359375,-2.52873980664852,5.28252809349301,0
2025-12-19 23:47:23.776,2.63671875,1.58203125,-2.5347374226052,5.16766526978574,0
2025-12-19 23:47:24.776,2.724609375,1.93359375,-2.55871012693798,5.09430153557135,4
2025-12-19 23:47:25.776,2.63671875,1.93359375,-2.74050113848862,4.99251573907295,4
2025-12-19 23:47:26.776,2.548828125,1.845703125,-2.79646961527355,4.98129025689907,4
2025-12-19 23:47:27.776,2.4609375,1.845703125,-2.6669898417971,5.00726349824448,4
2025-12-19 23:47:28.776,2.63671875,1.7578125,-2.61950903041525,5.00750282812468,4
2025-12-19 23:47:29.776,2.724609375,1.845703125,-2.56581867283778,5.01495453484564,4
2025-12-19 23:47:30.776,2.724609375,1.7578125,-2.55025095458637,5.02738683746277,0
2025-12-19 23:47:31.776,2.63671875,1.669921875,-2.54025697696259,5.0122833956221,0
2025-12-19 23:47:32.776,2.63671875,1.58203125,-2.52866205989807,5.0186748751813,0
2025-12-19 23:47:33.776,2.63671875,1.7578125,-2.52980898078186,5.06246642781682,0
2025-12-19 23:47:34.776,2.63671875,1.669921875,-2.52833700785511,5.05943130204808,0
2025-12-19 23:47:35.776,2.724609375,1.7578125,-2.52431273163495,5.05429007536789,0
2025-12-19 23:47:36.776,2.724609375,1.7578125,-2.5375711702284,5.0470052632393,0
2025-12-19 23:47:37.776,2.63671875,1.58203125,-2.54514730179612,5.04980923126222,0
2025-12-19 23:47:38.776,2.4609375,1.494140625,-2.53228383684452,5.05232938481072,0
2025-12-19 23:47:39.776,2.63671875,1.318359375,-2.54281321396277,5.05015401874742,0
2025-12-19 23:47:40.776,2.63671875,0.966796875,-2.54364575681449,5.05552866957324,0
2025-12-19 23:47:41.776,3.076171875,1.58203125,-2.56839330114734,5.06257459792184,0
2025-12-19 23:47:42.776,2.900390625,1.318359375,-2.53892274185551,5.07109359293708,0
2025-12-19 23:47:43.776,2.8125,1.318359375,-2.55856800292597,5.05320725779824,0
2025-12-19 23:47:44.776,2.98828125,1.494140625,-2.57273336424832,5.05203310799759,0
2025-12-19 23:47:45.776,2.900390625,1.7578125,-2.55702454132885,5.05196246768256,0
2025-12-19 23:47:46.776,2.8125,1.7578125,-2.55003831589417,5.06074975263582,0
2025-12-19 23:47:47.776,2.8125,1.58203125,-2.59150773362162,5.04239753693621,0
2025-12-19 23:47:48.776,2.900390625,1.40625,-2.61582547416664,5.04719070414715,0
2025-12-19 23:47:49.776,2.8125,1.40625,-2.59072808642394,5.06269496899092,0
2025-12-19 23:47:50.776,2.900390625,1.669921875,-2.5796354894332,5.07855193063463,0
2025-12-19 23:47:51.776,2.98828125,1.669921875,-2.59043650260048,5.07204645273359,0
2025-12-19 23:47:52.776,2.900390625,1.58203125,-2.5972246236376,5.0877453690785,0
2025-12-19 23:47:53.776,2.98828125,1.58203125,-2.6113982596922,5.07697568876797,0
2025-12-19 23:47:54.776,2.98828125,1.494140625,-2.65441850746123,5.06737163347765,0
2025-12-19 23:47:55.776,2.900390625,1.669921875,-2.62290996328682,5.07515787344632,0
2025-12-19 23:47:56.776,2.900390625,1.58203125,-2.57522579418596,5.09890048350805,0
2025-12-19 23:47:57.776,2.8125,1.0546875,-2.60264778039987,5.0859108068297,0
2025-12-19 23:47:58.776,2.724609375,0.966796875,-2.6015710494687,5.0316583943152,0
2025-12-19 23:47:59.776,2.900390625,1.142578125,-2.60526049604214,5.02899619334038,0
2025-12-19 23:48:00.776,2.900390625,1.318359375,-2.67832874905082,5.01780495133679,0
2025-12-19 23:48:01.776,2.900390625,1.318359375,-2.57225657804028,5.05512873598237,0
2025-12-19 23:48:02.776,2.98828125,1.318359375,-2.4938931879689,5.08883670033522,0
2025-12-19 23:48:03.776,2.98828125,1.40625,-2.48450696515752,5.11641235718577,0
2025-12-19 23:48:04.776,2.900390625,0.966796875,-2.76960599824415,5.14570100539134,0
2025-12-19 23:48:05.776,2.900390625,0.791015625,-2.79980626261456,5.12582780230619,0
2025-12-19 23:48:06.776,2.98828125,0.439453125,-2.97812980739791,5.13850963331182,0
2025-12-19 23:48:07.776,2.98828125,0.3515625,-2.98561976330127,5.04035272354107,0
2025-12-19 23:48:08.776,3.1640625,1.142578125,-2.91504368711558,4.98684135191855,0
2025-12-19 23:48:09.776,3.1640625,1.23046875,-2.8575724375373,4.97726944744295,0
2025-12-19 23:48:10.776,3.076171875,1.142578125,-2.80529977151407,4.93708855174949,0
2025-12-19 23:48:11.776,3.076171875,1.142578125,-2.80819543152437,4.95356526117473,0
2025-12-19 23:48:12.776,3.1640625,1.23046875,-2.84837357425757,4.97863331818645,0
2025-12-19 23:48:13.776,3.1640625,1.0546875,-2.8479891105051,4.9995746627646,0
2025-12-19 23:48:14.776,3.1640625,1.0546875,-2.98039302164317,5.07906341296891,0
2025-12-19 23:48:15.776,3.1640625,1.23046875,-3.03082058890932,5.07980371366874,0
2025-12-19 23:48:16.776,3.251953125,1.23046875,-2.87112196425555,5.05500614149337,0
2025-12-19 23:48:17.776,2.98828125,0.703125,-2.76231752829339,5.02379334318276,0
2025-12-19 23:48:18.776,3.251953125,1.142578125,-2.64142401282419,5.03849466792697,0
2025-12-19 23:48:19.776,3.076171875,0.791015625,-2.66832329634838,5.01429554843918,0
2025-12-19 23:48:20.776,3.076171875,0.87890625,-2.60988194968475,4.98206722750059,0
2025-12-19 23:48:21.776,3.1640625,0.966796875,-2.68570702137051,4.94337160253687,0
2025-12-19 23:48:22.776,3.1640625,0.966796875,-2.68003237254203,4.95466976951567,0
2025-12-19 23:48:23.776,3.251953125,1.142578125,-2.62132058195867,4.99972335695422,0
2025-12-19 23:48:24.776,3.076171875,0.87890625,-2.69277666671688,4.99227543873853,0
2025-12-19 23:48:25.776,3.251953125,0.791015625,-2.70983096370553,4.98844105802893,0
2025-12-19 23:48:26.776,3.1640625,0.52734375,-2.73097552463909,4.98893788643123,0
2025-12-19 23:48:27.776,2.900390625,0.263671875,-2.65819260039192,4.98389336126746,0
2025-12-19 23:48:28.776,3.076171875,0.791015625,-2.62019697209399,4.99703376613654,0
2025-12-19 23:48:29.776,3.251953125,1.318359375,-2.51378799095134,5.0482291192001,0
2025-12-19 23:48:30.776,3.1640625,1.0546875,-2.75103884220705,5.01005295156726,0
2025-12-19 23:48:31.776,3.1640625,1.0546875,-2.72580119994964,5.02272811440835,0
2025-12-19 23:48:32.776,3.251953125,1.142578125,-2.6748651992951,5.04852419471731,0
2025-12-19 23:48:33.776,3.1640625,0.87890625,-2.63653978303549,5.04453603758845,0
2025-12-19 23:48:34.776,3.251953125,1.0546875,-2.63238876353945,5.03388933550494,0
2025-12-19 23:48:35.776,3.251953125,1.7578125,-2.51076031054596,5.0480156329326,0
2025-12-19 23:48:36.776,3.251953125,1.669921875,-2.46828247141362,5.06150442482364,0
2025-12-19 23:48:37.776,3.251953125,1.494140625,-2.38394196803671,5.08480014763751,0
2025-12-19 23:48:38.776,3.251953125,1.7578125,-2.54374658926609,5.08362613625446,0
2025-12-19 23:48:39.776,3.251953125,1.669921875,-2.52144494607167,5.09596308989408,0
2025-12-19 23:48:40.776,3.1640625,1.318359375,-2.5378535695351,5.13188009335715,0
2025-12-19 23:48:41.776,3.1640625,1.318359375,-2.57789793960345,5.15783508809334,0
2025-12-19 23:48:42.776,3.1640625,1.40625,-2.58285410621611,5.13193584190851,0
2025-12-19 23:48:43.776,3.1640625,1.142578125,-2.5742066205967,5.08724234177282,0
2025-12-19 23:48:44.776,3.1640625,1.142578125,-2.51082906461005,5.12328782164779,0
2025-12-19 23:48:45.776,3.1640625,1.494140625,-2.54415201938489,5.08349023906701,0
2025-12-19 23:48:46.776,3.1640625,1.142578125,-2.49928804326029,5.11104464875903,0
2025-12-19 23:48:47.776,3.076171875,0.87890625,-2.66317167825551,5.04698835209306,0
2025-12-19 23:48:48.776,3.1640625,1.0546875,-2.80812318974595,4.97693701151872,0
2025-12-19 23:48:49.776,3.076171875,0.87890625,-2.87882972813588,4.96256236908963,0
2025-12-19 23:48:50.776,3.076171875,0.791015625,-2.9353885603738,4.90603128731606,0
2025-12-19 23:48:51.776,3.1640625,1.318359375,-2.8878143939378,4.93530042778507,0
2025-12-19 23:48:52.776,3.076171875,0.87890625,-2.90476640258848,4.9317995040479,0
2025-12-19 23:48:53.776,3.076171875,0.966796875,-2.88300471036498,4.92184335615957,0
2025-12-19 23:48:54.776,3.076171875,0.87890625,-2.86109297381369,4.92792374269294,0
2025-12-19 23:48:55.776,2.98828125,1.142578125,-2.82093633363411,4.94471376412354,0
2025-12-19 23:48:56.776,3.1640625,1.318359375,-2.71362475665761,4.97853774516084,0
2025-12-19 23:48:57.776,3.1640625,1.494140625,-2.63594410771977,5.02172241414871,0
2025-12-19 23:48:58.776,3.076171875,0.791015625,-2.76370183979426,4.99128525018386,0
2025-12-19 23:48:59.776,2.98828125,0.87890625,-2.75028650821042,5.01936078676596,0
2025-12-19 23:49:00.776,2.98828125,0.87890625,-2.7821642917272,4.9969929426659,0
2025-12-19 23:49:01.776,3.076171875,1.142578125,-2.85837845614802,4.9776495182192,0
2025-12-19 23:49:02.776,3.1640625,1.58203125,-2.80528018707253,4.97714391105316,0
2025-12-19 23:49:03.776,3.076171875,1.494140625,-2.78253236524555,4.98236414897433,0
2025-12-19 23:49:04.776,2.98828125,1.142578125,-2.77549984413391,4.97935944538989,0
2025-12-19 23:49:05.776,2.900390625,1.0546875,-2.73261417365759,4.99364574447208,0
2025-12-19 23:49:06.776,3.076171875,0.87890625,-2.75994734414687,5.01766758240163,0
2025-12-19 23:49:07.776,2.98828125,1.142578125,-2.70876860382932,5.02767438196199,0
2025-12-19 23:49:08.776,3.076171875,2.109375,-2.76033422681571,5.0030131716665,0
2025-12-19 23:49:09.776,2.98828125,1.0546875,-2.70710774781028,5.01987474969236,0
2025-12-19 23:49:10.776,2.900390625,1.58203125,-2.69130556981029,5.02112006111839,0
2025-12-19 23:49:11.776,3.076171875,1.7578125,-2.7302083937933,5.01084029276899,0
2025-12-19 23:49:12.776,2.724609375,0.791015625,-2.7197538560729,5.00783928935213,0
2025-12-19 23:49:13.776,2.8125,1.142578125,-2.64700431017562,5.02867170132939,0
2025-12-19 23:49:14.776,2.98828125,1.318359375,-2.6932404979688,5.01968936431007,0
2025-12-19 23:49:15.776,3.076171875,1.845703125,-2.70752764782781,5.03842066303249,0
2025-12-19 23:49:16.776,2.8125,1.318359375,-2.72734591348353,5.0551901272715,0
2025-12-19 23:49:17.776,3.076171875,2.021484375,-2.94044406364568,5.14338513036916,0
2025-12-19 23:49:18.776,2.98828125,1.58203125,-3.02155938949263,5.19358624832627,0
2025-12-19 23:49:19.776,3.076171875,1.0546875,-3.05900467637787,5.2340602809449,0
2025-12-19 23:49:20.776,3.1640625,0.87890625,-3.06568105675367,5.24442421445945,0
2025-12-19 23:49:21.776,3.1640625,0.87890625,-3.07882493671376,5.25255222326151,0
2025-12-19 23:49:22.776,3.1640625,0.87890625,-3.06391784916014,5.24869236140811,0
2025-12-19 23:49:23.776,3.1640625,1.318359375,-3.06360862697096,5.23358982951632,0
2025-12-19 23:49:24.776,3.076171875,0.703125,-3.06707274777199,5.23604491763043,0
2025-12-19 23:49:25.776,2.98828125,0.439453125,-3.07861509037353,5.20713984692701,0
2025-12-19 23:49:26.776,3.076171875,0.615234375,-3.08560665891665,5.19757055605981,5
2025-12-19 23:49:27.776,3.1640625,1.494140625,-2.91373543447113,5.1215954345479,5
2025-12-19 23:49:28.776,289.248046875,304.98046875,-2.73479776247458,5.06661730486876,5
2025-12-19 23:49:29.776,286.171875,295.83984375,-2.57407755749535,5.02036354953583,5
2025-12-19 23:49:30.776,290.126953125,299.794921875,-2.52199613103477,5.00716824403006,5
2025-12-19 23:49:31.776,289.072265625,301.11328125,-2.52199613103477,5.00716824403006,0
2025-12-19 23:49:32.776,288.017578125,292.67578125,-2.52199613103477,5.00716824403006,0
2025-12-19 23:49:33.776,287.666015625,298.388671875,-2.52199613103477,5.00716824403006,6
2025-12-19 23:50:30.820,288.544921875,294.78515625,4.75902107221115,1.60531912939538,0
2025-12-19 23:50:31.820,288.544921875,296.71875,4.73052648026672,1.63462030848342,0
2025-12-19 23:50:32.820,288.544921875,299.35546875,4.67169379641919,1.63324790860378,0
2025-12-19 23:50:33.820,288.544921875,298.037109375,4.61326974584821,1.66328048813439,0
2025-12-19 23:50:34.820,288.369140625,294.345703125,4.58550965429992,1.73417542999015,0
2025-12-19 23:50:35.820,291.62109375,291.533203125,4.42911626592654,1.67521187860764,0
2025-12-19 23:50:36.820,286.5234375,293.642578125,3.88040030413612,1.58546317756606,0
2025-12-19 23:50:37.820,284.94140625,304.013671875,3.33178485019554,1.51086728259858,0
2025-12-19 23:50:38.820,292.587890625,308.14453125,2.47464950109794,1.51635303900189,0
2025-12-19 23:50:39.820,290.478515625,301.728515625,1.46878768252874,1.3271281488021,0
2025-12-19 23:50:40.820,279.404296875,294.345703125,0.833846816883635,1.24872107637562,0
2025-12-19 23:50:41.820,282.48046875,293.115234375,-0.11325135111415,1.20808817952883,1
2025-12-19 23:50:42.820,298.828125,292.763671875,-0.740449962962221,1.28140220658825,1
2025-12-19 23:50:43.820,286.611328125,300.146484375,-2.2721178865421,1.37565525136937,1
2025-12-19 23:50:44.820,285.205078125,297.24609375,-3.24633457565014,1.35519430290089,1
2025-12-19 23:50:45.820,314.384765625,316.23046875,-3.30007565888772,1.35523908812261,1
2025-12-19 23:50:46.820,1.494140625,1.669921875,-3.15485160306691,1.46235311943181,1
2025-12-19 23:50:47.820,1.7578125,1.93359375,-2.75088661307731,1.50689798915748,1
2025-12-19 23:50:48.820,2.021484375,2.021484375,-2.72042067539303,1.51695942812013,0
2025-12-19 23:50:49.820,2.021484375,2.021484375,-2.53935610133817,1.53365309029392,0
2025-12-19 23:50:50.820,2.021484375,2.021484375,-2.43741524051648,1.53235890237883,0
2025-12-19 23:50:51.820,2.109375,2.021484375,-2.36099638129084,1.49939274211977,0
2025-12-19 23:50:52.820,2.109375,2.021484375,-2.31380535748554,1.50036151136987,0
2025-12-19 23:50:53.820,2.109375,2.021484375,-2.30089260275842,1.4549891614575,0
2025-12-19 23:50:54.820,2.109375,2.021484375,-2.29175692407481,1.46311648488827,0
2025-12-19 23:50:55.820,2.109375,2.021484375,-2.26776770233086,1.53416856062113,0
2025-12-19 23:50:56.820,2.021484375,2.021484375,-2.22601677993651,1.58443556236406,2
2025-12-19 23:50:57.820,2.021484375,2.021484375,-2.26542139203231,1.59437648292173,2
2025-12-19 23:50:58.820,2.109375,2.021484375,-2.26058353986778,1.59162962474994,2
2025-12-19 23:50:59.820,2.021484375,2.109375,-2.28191282810397,1.56869374383029,2
2025-12-19 23:51:00.820,2.021484375,2.109375,-2.30371352906599,1.56589012221022,2
2025-12-19 23:51:01.820,2.109375,2.021484375,-2.31554613852738,1.56229919870009,2
2025-12-19 23:51:02.820,2.021484375,2.021484375,-2.29122506320092,1.56021609153651,2
2025-12-19 23:51:03.820,2.109375,2.021484375,-2.26037518723105,1.54696313535377,2
2025-12-19 23:51:04.820,2.109375,2.021484375,-2.25804299918298,1.54947773368085,0
2025-12-19 23:51:05.820,2.021484375,2.109375,-2.25683261777199,1.55550488772507,0
2025-12-19 23:51:06.820,2.109375,2.021484375,-2.26671980415726,1.53862835313238,0
2025-12-19 23:51:07.820,2.373046875,1.93359375,-2.40488160337107,1.49369689845076,0
2025-12-19 23:51:08.820,2.548828125,1.669921875,-2.47764960173165,1.46620361845382,0
2025-12-19 23:51:09.820,2.021484375,2.021484375,-2.46228259482789,1.50469736690975,0
2025-12-19 23:51:10.820,2.021484375,2.021484375,-2.41638260419696,1.49710481361478,0
2025-12-19 23:51:11.820,2.109375,2.109375,-2.37148220288584,1.4864704927964,0
2025-12-19 23:51:12.820,2.109375,2.109375,-2.33610515273322,1.49073944616309,0
2025-12-19 23:51:13.820,2.197265625,2.021484375,-2.26474039531473,1.47249039825732,0
2025-12-19 23:51:14.820,2.197265625,2.021484375,-2.29532888467957,1.53785723424872,0
2025-12-19 23:51:15.820,2.109375,2.021484375,-2.26730087764626,1.5616769616512,0
2025-12-19 23:51:16.820,2.109375,2.021484375,-2.25685591839418,1.55912719824501,0
2025-12-19 23:51:17.820,2.109375,2.021484375,-2.28282097754138,1.56893506728193,0
2025-12-19 23:51:18.820,2.021484375,2.109375,-2.28515906487805,1.51908183084708,0
2025-12-19 23:51:19.820,2.021484375,2.109375,-2.28623122292767,1.4975745333948,0
2025-12-19 23:51:20.820,2.109375,2.109375,-2.2810188313066,1.45607720514198,0
2025-12-19 23:51:21.820,2.109375,2.021484375,-2.27136750000078,1.46568074664704,0
2025-12-19 23:51:22.820,2.197265625,2.109375,-2.2804210814782,1.48421832998579,0
2025-12-19 23:51:23.820,2.109375,2.109375,-2.28308629722807,1.49677615809422,0
2025-12-19 23:51:24.820,2.109375,2.109375,-2.30197826788857,1.51780296643354,0
2025-12-19 23:51:25.820,2.109375,2.109375,-2.29173811005517,1.5088096799233,0
2025-12-19 23:51:26.820,2.109375,2.021484375,-2.27422292928703,1.54036315743239,0
2025-12-19 23:51:27.820,2.197265625,2.021484375,-2.28220361606868,1.57157776649071,0
2025-12-19 23:51:28.820,2.109375,2.021484375,-2.27822576493294,1.57489191720043,0
2025-12-19 23:51:29.820,2.021484375,2.021484375,-2.30339548305375,1.57715062183321,0
2025-12-19 23:51:30.820,2.109375,2.109375,-2.31092764362329,1.56760492184208,0
2025-12-19 23:51:31.820,2.109375,2.109375,-2.33237274985698,1.53987109016944,0
2025-12-19 23:51:32.820,2.021484375,1.93359375,-2.32618802549955,1.54435971745369,0
2025-12-19 23:51:33.820,2.548828125,2.021484375,-2.60699591582979,1.44608836854484,0
2025-12-19 23:51:34.820,2.724609375,1.93359375,-2.54456095932261,1.46178414736079,0
2025-12-19 23:51:35.820,2.724609375,1.845703125,-2.47857581203083,1.49901999098792,0
2025-12-19 23:51:36.820,2.900390625,1.669921875,-2.53507721761924,1.49288863133176,0
2025-12-19 23:51:37.820,2.98828125,1.93359375,-2.45284008575457,1.50433953110923,0
2025-12-19 23:51:38.820,2.724609375,1.93359375,-2.390582476343,1.49494097569253,0
2025-12-19 23:51:39.820,2.900390625,1.318359375,-2.3440527769593,1.49063041731614,0
2025-12-19 23:51:40.820,3.076171875,1.0546875,-2.33203854799745,1.49324474084399,0
2025-12-19 23:51:41.820,3.076171875,1.142578125,-2.32882208191084,1.4965465305692,0
2025-12-19 23:51:42.820,2.548828125,2.021484375,-2.41680893865175,1.47286328582454,0
2025-12-19 23:51:43.820,2.109375,2.109375,-2.3864526636225,1.49663234986289,0
2025-12-19 23:51:44.820,2.28515625,2.021484375,-2.3596255647351,1.52323873148539,0
2025-12-19 23:51:45.820,2.28515625,2.021484375,-2.32768941536655,1.5395110946262,0
2025-12-19 23:51:46.820,2.373046875,2.109375,-2.344269251357,1.56571337984285,0
2025-12-19 23:51:47.820,2.373046875,2.021484375,-2.36259407493024,1.57929622712005,0
2025-12-19 23:51:48.820,2.373046875,2.021484375,-2.36793524565336,1.58165396010662,0
2025-12-19 23:51:49.820,2.373046875,2.021484375,-2.37356889296766,1.60165909219004,0
2025-12-19 23:51:50.820,2.548828125,1.93359375,-2.37603233964554,1.59497234473319,0
2025-12-19 23:51:51.820,2.4609375,1.93359375,-2.3790825209381,1.58080611396026,0
2025-12-19 23:51:52.820,2.4609375,2.021484375,-2.36304886855414,1.58677698768015,0
2025-12-19 23:51:53.820,2.4609375,2.021484375,-2.39317264950618,1.48369244523662,0
2025-12-19 23:51:54.820,2.4609375,2.109375,-2.38785738715403,1.46887171577063,0
2025-12-19 23:51:55.820,2.548828125,2.109375,-2.36666727551552,1.51545279819649,0
2025-12-19 23:51:56.820,2.548828125,2.021484375,-2.34975495361602,1.53391746594097,0
2025-12-19 23:51:57.820,2.548828125,2.021484375,-2.34532896734858,1.5054742177093,0
2025-12-19 23:51:58.820,2.548828125,2.021484375,-2.33145197219014,1.54446323782686,0
2025-12-19 23:51:59.820,2.4609375,2.109375,-2.34367759707224,1.54486660125312,0
2025-12-19 23:52:00.820,2.548828125,1.93359375,-2.36450929383808,1.53426663512129,0
2025-12-19 23:52:01.820,2.4609375,1.93359375,-2.40341810338813,1.53840997447218,0
2025-12-19 23:52:02.820,2.4609375,2.021484375,-2.55464089512964,1.53715500889555,0
2025-12-19 23:52:03.820,2.373046875,2.021484375,-2.65301961209285,1.49616322185069,0
2025-12-19 23:52:04.820,2.4609375,2.109375,-2.56774976088102,1.48554562528602,0
2025-12-19 23:52:05.820,2.4609375,2.109375,-2.49630434320837,1.50238614709492,0
2025-12-19 23:52:06.820,2.4609375,2.109375,-2.39999114100426,1.52894365379776,0
2025-12-19 23:52:07.820,2.4609375,2.109375,-2.40610749677446,1.51458925272511,0
2025-12-19 23:52:08.820,2.4609375,2.109375,-2.51757179197099,1.48353945061022,0
2025-12-19 23:52:09.820,2.4609375,2.109375,-2.47995894385866,1.50630294231444,0
2025-12-19 23:52:10.820,2.4609375,2.109375,-2.46301808138684,1.51515100897298,0
2025-12-19 23:52:11.820,2.4609375,2.109375,-2.45477311947711,1.50617507071657,0
2025-12-19 23:52:12.820,2.4609375,2.109375,-2.41084111741529,1.52548272920296,0
2025-12-19 23:52:13.820,2.4609375,2.109375,-2.39348058635941,1.54036672496087,0
2025-12-19 23:52:14.820,2.373046875,2.021484375,-2.3672920233728,1.53756780025356,0
2025-12-19 23:52:15.820,2.4609375,2.021484375,-2.3811946734395,1.53858559931449,0
2025-12-19 23:52:16.820,2.4609375,2.109375,-2.47216286830049,1.53698674183087,0
2025-12-19 23:52:17.820,2.4609375,1.93359375,-2.51233824986445,1.48382441134406,0
2025-12-19 23:52:18.820,2.4609375,1.93359375,-2.55984914685933,1.48421136310725,0
2025-12-19 23:52:19.820,2.4609375,2.109375,-2.56325855779513,1.4769859546964,0
2025-12-19 23:52:20.820,2.28515625,2.021484375,-2.56498181055724,1.44323981079163,0
2025-12-19 23:52:21.820,2.373046875,2.021484375,-2.57835294219086,1.47428006542825,0
2025-12-19 23:52:22.820,2.197265625,2.109375,-2.67351597360692,1.52408916711729,0
2025-12-19 23:52:23.820,2.548828125,2.109375,-2.71564732531605,1.54330173738875,0
2025-12-19 23:52:24.820,2.548828125,2.109375,-2.84632031591751,1.4688349689205,0
2025-12-19 23:52:25.820,2.4609375,2.109375,-2.69139733927358,1.45863837646088,0
2025-12-19 23:52:26.820,2.4609375,2.109375,-2.70865029860708,1.43022767874649,0
2025-12-19 23:52:27.820,2.373046875,2.109375,-2.77768823267307,1.38266526976666,0
2025-12-19 23:52:28.820,2.373046875,2.021484375,-2.65732937892723,1.49143795709282,0
2025-12-19 23:52:29.820,2.373046875,2.021484375,-2.59879181612627,1.51774575290511,0
2025-12-19 23:52:30.820,2.373046875,2.021484375,-2.55693940834467,1.53359968466917,0
2025-12-19 23:52:31.820,2.373046875,2.021484375,-2.53450169142234,1.53579812491484,0
2025-12-19 23:52:32.820,2.373046875,2.021484375,-2.5534534588614,1.53410207254903,0
2025-12-19 23:52:33.820,2.373046875,2.021484375,-2.5605032342115,1.50080048294584,0
2025-12-19 23:52:34.820,2.373046875,2.109375,-2.55754100496719,1.49276363054279,0
2025-12-19 23:52:35.820,2.28515625,2.197265625,-2.58321414440818,1.46061377893726,0
2025-12-19 23:52:36.820,2.373046875,2.197265625,-2.61317580398419,1.4590637633574,0
2025-12-19 23:52:37.820,2.373046875,2.197265625,-2.66262086622819,1.45526169147036,0
2025-12-19 23:52:38.820,2.373046875,2.109375,-2.77123907035209,1.39289426438757,0
2025-12-19 23:52:39.820,2.373046875,2.109375,-2.77317891897088,1.37463286070199,0
2025-12-19 23:52:40.820,2.373046875,2.109375,-2.86982102615647,1.36352296106617,0
2025-12-19 23:52:41.820,2.28515625,2.197265625,-3.06326864728007,1.33673975212891,0
2025-12-19 23:52:42.820,2.373046875,2.109375,-3.15504840311055,1.36043909696491,0
2025-12-19 23:52:43.820,2.373046875,2.109375,-3.07025032211348,1.38157193317354,0
2025-12-19 23:52:44.820,2.28515625,2.109375,-2.93443942441007,1.38458831344206,0
2025-12-19 23:52:45.820,2.373046875,2.109375,-2.95714026185168,1.3500188482384,0
2025-12-19 23:52:46.820,2.4609375,2.109375,-2.96213940843024,1.34168236243045,0
2025-12-19 23:52:47.820,2.373046875,2.109375,-2.79785857482669,1.38210644661263,0
2025-12-19 23:52:48.820,2.28515625,2.109375,-2.73910430439934,1.40459356055512,0
2025-12-19 23:52:49.820,2.28515625,2.109375,-2.91091107711636,1.39394022284397,0
2025-12-19 23:52:50.820,2.28515625,2.109375,-2.98534879344631,1.44807490456398,0
2025-12-19 23:52:51.820,2.28515625,2.109375,-3.00574477629331,1.47757696054999,0
2025-12-19 23:52:52.820,2.28515625,2.197265625,-3.03795116842738,1.43518319128539,0
2025-12-19 23:52:53.820,2.28515625,2.109375,-3.05892512272342,1.41123414198847,0
2025-12-19 23:52:54.820,2.373046875,2.109375,-3.18402552981028,1.44410603258317,0
2025-12-19 23:52:55.820,2.28515625,2.109375,-2.89675115991004,1.44291086145711,0
2025-12-19 23:52:56.820,2.373046875,2.109375,-3.06367643518335,1.35984309463258,0
2025-12-19 23:52:57.820,2.373046875,2.109375,-2.93568300073862,1.35713539404531,0
2025-12-19 23:52:58.820,2.373046875,2.109375,-3.01748327941112,1.35980118311052,0
2025-12-19 23:52:59.820,2.373046875,2.109375,-3.27602174276421,1.37506504251514,0
2025-12-19 23:53:00.820,2.197265625,2.109375,-3.33994081112466,1.37372219053742,0
2025-12-19 23:53:01.820,2.548828125,2.021484375,-2.91478785624005,1.41680967205458,0
2025-12-19 23:53:02.821,2.98828125,1.318359375,-2.61521476907451,1.50793484188215,0
2025-12-19 23:53:03.820,3.1640625,0.3515625,-2.46411175768056,1.52905664695859,0
2025-12-19 23:53:04.820,3.076171875,0.791015625,-2.33351783697447,1.53323998843,0
2025-12-19 23:53:05.820,3.1640625,359.912109375,-2.23518875313857,1.51679696193563,0
2025-12-19 23:53:06.820,3.1640625,0.263671875,-2.17891479843114,1.49386149759408,0
2025-12-19 23:53:07.820,3.1640625,0.087890625,-2.18422107307945,1.48301646024428,0
2025-12-19 23:53:08.820,3.1640625,0.439453125,-2.21163436385197,1.46396769159591,0
2025-12-19 23:53:09.820,3.1640625,0.3515625,-2.2318448364975,1.4599471612483,0
2025-12-19 23:53:10.820,3.1640625,0.439453125,-2.27094923242367,1.4727790367707,0
2025-12-19 23:53:11.820,3.076171875,1.93359375,-2.36938804042887,1.46803230480379,0
2025-12-19 23:53:12.820,294.345703125,296.015625,-2.43210983346755,1.45708901122363,0
2025-12-19 23:53:13.820,285.908203125,305.859375,-2.52769639340935,1.44003121445444,0
2025-12-19 23:53:14.820,285.908203125,294.08203125,-2.60865405453972,1.42488497125267,3
2025-12-19 23:53:15.820,289.599609375,305.244140625,-2.63739674756812,1.41881691218589,3
2025-12-19 23:53:16.820,291.62109375,305.595703125,-2.63920453891975,1.41792371532418,3
2025-12-19 23:53:17.820,281.865234375,302.87109375,-2.62917045021381,1.4190547441697,3
2025-12-19 23:53:18.820,284.4140625,297.421875,-2.61418173721277,1.42132114992765,3
2025-12-19 23:53:19.820,291.62109375,293.115234375,-2.57863182697304,2.35569303849035,3
2025-12-19 23:53:20.820,358.857421875,2.4609375,-2.48778938900538,4.28559216043943,3
2025-12-19 23:53:21.820,1.40625,2.373046875,-2.54760189367772,5.01194248244207,3
2025-12-19 23:53:22.820,1.7578125,2.197265625,-2.50245721870588,5.63854729048302,3
2025-12-19 23:53:23.820,2.197265625,1.93359375,-2.75618341581095,5.70056459461235,0
2025-12-19 23:53:24.820,2.373046875,2.109375,-2.63158038135235,5.70504830595418,0
2025-12-19 23:53:25.820,2.63671875,2.4609375,-2.5929884904489,5.57171538495726,0
2025-12-19 23:53:26.820,2.548828125,1.93359375,-2.55727404944948,5.45551829390523,0
2025-12-19 23:53:27.820,2.63671875,2.021484375,-2.52010513462396,5.2469763403676,0
2025-12-19 23:53:28.820,2.548828125,1.669921875,-2.51789077961122,5.15050120879956,0
2025-12-19 23:53:29.820,2.63671875,1.7578125,-2.50939080532341,5.07515424610261,0
2025-12-19 23:53:30.820,2.548828125,1.494140625,-2.48410911583368,5.03107338668376,0
2025-12-19 23:53:31.820,2.63671875,1.58203125,-2.46475522197577,4.97769386377789,0
2025-12-19 23:53:32.820,2.900390625,1.669921875,-2.47997378835197,4.96869674614089,4
2025-12-19 23:53:33.820,2.98828125,2.109375,-2.5043016080919,4.97936292516498,4
2025-12-19 23:53:34.820,3.076171875,2.28515625,-2.50708525211599,5.04052454833182,4
2025-12-19 23:53:35.820,3.1640625,2.4609375,-2.49044133556216,5.07377747925579,4
2025-12-19 23:53:36.820,2.98828125,2.109375,-2.49174280644923,5.09568649233409,4
2025-12-19 23:53:37.820,2.98828125,2.28515625,-2.49975624328126,5.05540691882933,4
2025-12-19 23:53:38.820,2.900390625,1.93359375,-2.4935486084562,5.06941113423013,0
2025-12-19 23:53:39.820,3.076171875,1.7578125,-2.52677457009021,5.03872585607756,0
2025-12-19 23:53:40.820,3.076171875,1.93359375,-2.50452674899222,5.03416114143046,0
2025-12-19 23:53:41.820,2.63671875,1.40625,-2.50881746410213,5.00086732111695,0
2025-12-19 23:53:42.820,2.8125,1.93359375,-2.50923586340006,4.9225685566415,0
2025-12-19 23:53:43.820,2.900390625,1.93359375,-2.52205621023901,4.90615298390026,0
2025-12-19 23:53:44.820,2.900390625,2.021484375,-2.5157001593043,4.99332780339922,0
2025-12-19 23:53:45.820,2.98828125,1.93359375,-2.51889014863402,4.9985130291127,0
2025-12-19 23:53:46.820,1.494140625,1.845703125,-2.51249199532733,4.96821536385638,0
2025-12-19 23:53:47.820,3.1640625,2.4609375,-2.50916395828151,4.98424498462922,0
2025-12-19 23:53:48.820,2.8125,2.548828125,-2.50692982102209,4.98957552711428,0
2025-12-19 23:53:49.820,2.548828125,2.021484375,-2.52202128440102,5.01503236060781,0
2025-12-19 23:53:50.820,2.900390625,2.63671875,-2.5036647755785,5.04178983554115,0
2025-12-19 23:53:51.820,2.63671875,2.4609375,-2.50503979523476,5.05039449436653,0
2025-12-19 23:53:52.820,2.8125,2.197265625,-2.50449956162477,5.0582735058268,0
2025-12-19 23:53:53.820,3.251953125,2.548828125,-2.49669715299327,5.06962955137345,0
2025-12-19 23:53:54.820,3.076171875,2.4609375,-2.48905997479145,5.06640226166201,0
2025-12-19 23:53:55.820,3.1640625,2.373046875,-2.50111065630974,5.04071122002337,0
2025-12-19 23:53:56.820,2.98828125,2.373046875,-2.4996417648697,5.04598437492671,0
2025-12-19 23:53:57.820,2.8125,2.4609375,-2.52117475194607,5.00754072634773,0
2025-12-19 23:53:58.820,2.8125,2.197265625,-2.49649899833897,5.0198372908467,0
2025-12-19 23:53:59.820,2.724609375,2.373046875,-2.49939574200806,5.04037709703365,0
2025-12-19 23:54:00.820,2.98828125,2.197265625,-2.50415228948577,4.96843876240217,0
2025-12-19 23:54:01.820,2.900390625,2.021484375,-2.49358601467815,5.00782023071771,0
2025-12-19 23:54:02.820,2.98828125,2.109375,-2.4935926828277,5.02504677672987,0
2025-12-19 23:54:03.820,2.8125,1.93359375,-2.49143219034962,5.00484112287359,0
2025-12-19 23:54:04.820,3.076171875,2.109375,-2.50420789014155,5.01387375950209,0
2025-12-19 23:54:05.820,2.900390625,1.93359375,-2.51069593637872,4.98359532320716,0
2025-12-19 23:54:06.820,2.98828125,1.93359375,-2.52259495799913,4.9598620494944,0
2025-12-19 23:54:07.820,2.98828125,1.7578125,-2.53032798325128,4.93958183892598,0
2025-12-19 23:54:08.820,2.98828125,1.669921875,-2.54252989928517,4.93537392860125,0
2025-12-19 23:54:09.820,3.076171875,1.669921875,-2.5231755955263,4.98185969214145,0
2025-12-19 23:54:10.820,3.1640625,1.845703125,-2.53996083966784,4.95743166983584,0
2025-12-19 23:54:11.820,3.076171875,1.58203125,-2.54212361535628,4.9340304814195,0
2025-12-19 23:54:12.820,3.1640625,2.197265625,-2.53512752833753,4.95985047817138,0
2025-12-19 23:54:13.820,2.98828125,1.845703125,-2.48277277531844,4.99376623713816,0
2025-12-19 23:54:14.820,2.98828125,1.142578125,-2.49854457533634,4.96615266123981,0
2025-12-19 23:54:15.820,3.076171875,1.669921875,-2.52267755535964,4.95276948798487,0
2025-12-19 23:54:16.820,3.251953125,2.197265625,-2.50827850494401,4.98308008458088,0
2025-12-19 23:54:17.820,2.8125,1.845703125,-2.51665639107668,4.96695954050774,0
2025-12-19 23:54:18.820,3.076171875,2.197265625,-2.51167332862644,4.96024600583926,0
2025-12-19 23:54:19.820,3.1640625,2.109375,-2.48721413080203,4.98984433048118,0
2025-12-19 23:54:20.820,2.900390625,2.197265625,-2.51140844222056,4.98325586177449,0
2025-12-19 23:54:21.820,3.076171875,1.93359375,-2.52008432339743,5.0033126926683,0
2025-12-19 23:54:22.820,3.076171875,1.845703125,-2.53099321496724,5.00586170581847,0
2025-12-19 23:54:23.820,3.1640625,2.197265625,-2.53578438119453,5.01506969717946,0
2025-12-19 23:54:24.820,3.076171875,2.021484375,-2.52402034746898,5.00433647423384,0
2025-12-19 23:54:25.820,2.98828125,1.494140625,-2.53585193293287,4.96772989622304,0
2025-12-19 23:54:26.820,2.98828125,1.58203125,-2.52931712858084,4.94882648319438,0
2025-12-19 23:54:27.820,3.076171875,1.7578125,-2.62152105185633,4.93111828656125,0
2025-12-19 23:54:28.820,3.076171875,1.93359375,-2.66775635141396,4.91475192568229,0
2025-12-19 23:54:29.820,3.076171875,1.93359375,-2.59260857098366,4.93669421931276,0
2025-12-19 23:54:30.820,3.1640625,1.845703125,-2.55208249316714,4.96170862317383,0
2025-12-19 23:54:31.820,3.076171875,1.7578125,-2.54489038115406,4.96208667232303,0
2025-12-19 23:54:32.820,3.076171875,1.7578125,-2.52306950023276,4.97189194744125,0
2025-12-19 23:54:33.820,3.1640625,1.93359375,-2.5258516858547,4.96414970319183,0
2025-12-19 23:54:34.820,3.1640625,1.93359375,-2.51402392903393,4.94974749032052,0
2025-12-19 23:54:35.820,3.1640625,1.93359375,-2.48713551749428,4.96374333532493,0
2025-12-19 23:54:36.820,3.076171875,1.845703125,-2.48058916417552,4.97251330356278,0
2025-12-19 23:54:37.820,3.076171875,1.845703125,-2.48496631596275,4.98084560601991,0
2025-12-19 23:54:38.820,3.1640625,1.93359375,-2.48037074911764,4.99008447640092,0
2025-12-19 23:54:39.820,3.1640625,1.93359375,-2.48512444956909,4.98361652025933,0
2025-12-19 23:54:40.820,3.076171875,2.109375,-2.48227935653819,4.9722135987177,0
2025-12-19 23:54:41.820,3.076171875,1.58203125,-2.49696706615974,4.95182597264914,0
2025-12-19 23:54:42.820,2.900390625,1.669921875,-2.5198681502422,4.95131196523604,0
2025-12-19 23:54:43.820,3.076171875,2.197265625,-2.52020924864145,4.94908291587931,0
2025-12-19 23:54:44.820,2.63671875,1.93359375,-2.53500691789701,4.96806789740149,0
2025-12-19 23:54:45.821,2.8125,1.7578125,-2.50130439753856,4.99971961399181,0
2025-12-19 23:54:46.820,2.63671875,1.7578125,-2.46567474854192,5.02558151378949,0
2025-12-19 23:54:47.820,2.900390625,1.93359375,-2.49121446011456,5.06444807877125,0
2025-12-19 23:54:48.820,2.98828125,1.845703125,-2.53583879959239,5.0021064275507,0
2025-12-19 23:54:49.820,2.900390625,1.318359375,-2.60762697146978,4.95775081434984,0
2025-12-19 23:54:50.820,2.98828125,1.845703125,-2.57605489857332,4.99643910318255,0
2025-12-19 23:54:51.820,2.724609375,1.845703125,-2.5331334307022,5.05365039484258,0
2025-12-19 23:54:52.820,2.8125,2.197265625,-2.48819883874467,5.11769579969536,0
2025-12-19 23:54:53.820,2.900390625,1.58203125,-2.47653803472068,5.12715131154207,0
2025-12-19 23:54:54.820,2.98828125,1.40625,-2.48506804526977,5.1324368482219,0
2025-12-19 23:54:55.820,2.8125,1.23046875,-2.49035107436392,5.13514788120703,0
2025-12-19 23:54:56.820,3.076171875,1.7578125,-2.50109240996897,5.10544557185397,0
2025-12-19 23:54:57.820,2.98828125,1.7578125,-2.50349788464792,5.07866012302678,0
2025-12-19 23:54:58.820,2.98828125,1.494140625,-2.51241327744967,5.04862002711199,0
2025-12-19 23:54:59.820,1.23046875,358.9453125,-2.49910933722836,5.04081255735133,0
2025-12-19 23:55:00.820,327.041015625,319.74609375,-2.46927221812824,5.00332709670164,0
2025-12-19 23:55:01.820,340.576171875,326.42578125,-2.48528658667188,4.97004240593859,0
2025-12-19 23:55:02.821,1.845703125,336.181640625,-2.5201628542153,4.9886430407154,0
2025-12-19 23:55:03.820,2.373046875,340.83984375,-2.53804843524411,4.99877787212509,0
2025-12-19 23:55:04.820,2.373046875,341.3671875,-2.5140178830742,4.99281483754291,0
2025-12-19 23:55:05.820,2.63671875,341.982421875,-2.54520647851487,4.95782026169481,0
2025-12-19 23:55:06.820,2.021484375,340.83984375,-2.50739009061188,4.97505570133902,0
2025-12-19 23:55:07.820,345.234375,335.302734375,-2.51053468867956,4.95444486499042,0
2025-12-19 23:55:08.820,1.58203125,0.087890625,-2.51620456652571,4.94640591929571,0
2025-12-19 23:55:09.820,2.021484375,0.087890625,-2.47539848996414,4.95829765449278,0
2025-12-19 23:55:10.820,2.109375,0.087890625,-2.53120076584533,4.99296115704587,0
2025-12-19 23:55:11.820,2.4609375,0.17578125,-2.49222511769363,5.01544522009998,0
2025-12-19 23:55:12.820,2.4609375,0.263671875,-2.47118378913246,5.01182504292943,0
2025-12-19 23:55:13.820,2.548828125,0.3515625,-2.42487897637692,4.99477311684688,0
2025-12-19 23:55:14.820,2.63671875,0.439453125,-2.43960225901732,4.96872125121191,0
2025-12-19 23:55:15.820,2.724609375,0,-2.47032838483543,4.95043202585739,0
2025-12-19 23:55:16.820,2.724609375,0.087890625,-2.48133914422504,4.94620298575324,0
2025-12-19 23:55:17.820,2.8125,0.087890625,-2.50661277603567,4.91703048992744,0
2025-12-19 23:55:18.820,2.98828125,0,-2.50780294726167,4.93671333243292,0
2025-12-19 23:55:19.820,2.98828125,0.17578125,-2.51806977030158,4.9278499345186,0
2025-12-19 23:55:20.820,2.63671875,0.17578125,-2.50716711839249,4.93542695374074,0
2025-12-19 23:55:21.820,3.076171875,0.263671875,-2.51272290334265,4.93422689820701,0
2025-12-19 23:55:22.820,2.98828125,0.263671875,-2.51129685890214,4.9626135908342,0
2025-12-19 23:55:23.820,3.1640625,0.263671875,-2.51809567078364,4.95947564718228,0
2025-12-19 23:55:24.820,3.251953125,0.087890625,-2.48901952471768,4.95706419805277,0
2025-12-19 23:55:25.820,3.33984375,0,-2.49907723511852,4.93984715690118,0
2025-12-19 23:55:26.820,3.251953125,0.263671875,-2.4931559822057,4.9335149862089,0
2025-12-19 23:55:27.820,3.33984375,0.263671875,-2.47857037652657,4.92150283443167,0
2025-12-19 23:55:28.820,3.33984375,0.087890625,-2.50119625201346,4.91117334867267,0
2025-12-19 23:55:29.820,3.33984375,0.087890625,-2.54403723040373,4.90906421973785,0
2025-12-19 23:55:30.820,3.33984375,0.087890625,-2.57026517764093,4.89670243273332,5
2025-12-19 23:55:31.820,3.33984375,0.17578125,-2.58269300142581,4.87205357016346,5
2025-12-19 23:55:32.820,3.33984375,0.087890625,-2.5969220829274,4.87722289343231,5
2025-12-19 23:55:33.820,3.33984375,0.087890625,-2.59086486551804,4.91272919461375,5
2025-12-19 23:55:34.820,2.63671875,358.9453125,-2.58938308821954,4.93213323892252,5
2025-12-19 23:55:35.820,288.28125,287.841796875,-2.58954149281916,4.95323855839115,5
2025-12-19 23:55:36.820,285.99609375,296.54296875,-2.53146773816825,4.95964159005604,5
2025-12-19 23:55:37.820,284.23828125,292.763671875,-2.51123508472338,4.96654026654062,5
2025-12-19 23:55:38.820,285.556640625,286.435546875,-2.50142735300045,4.95088946742142,5
2025-12-19 23:55:39.820,291.357421875,294.521484375,-2.59071741540626,4.95028640963085,0
2025-12-19 23:55:40.820,285.380859375,288.193359375,-2.56429038962998,4.96916293961809,0
2025-12-19 23:55:41.820,306.73828125,305.947265625,-2.5322609046588,4.99136180163092,0
2025-12-19 23:55:42.820,302.34375,324.931640625,-2.50101835785348,4.97510822052616,0
2025-12-19 23:55:43.820,299.00390625,276.50390625,-2.42316442581093,5.06773348821773,0
2025-12-19 23:55:44.820,289.072265625,296.982421875,-2.3642125432116,5.13263700858879,0
2025-12-19 23:55:45.820,288.544921875,293.115234375,-2.3642125432116,5.13263700858879,0
2025-12-19 23:55:46.820,293.203125,290.830078125,-2.3642125432116,5.13263700858879,0
2025-12-19 23:55:47.820,282.041015625,321.943359375,-2.3642125432116,5.13263700858879,0
2025-12-19 23:55:48.820,288.80859375,316.142578125,-2.3642125432116,5.13263700858879,6
2025-12-19 23:55:49.820,280.107421875,277.646484375,-2.3642125432116,5.13263700858879,6
2025-12-19 23:55:50.820,285.908203125,279.404296875,-2.3642125432116,5.13263700858879,6
2025-12-19 23:55:51.820,282.568359375,286.611328125,-2.3642125432116,5.13263700858879,6
2025-12-19 23:55:52.820,282.041015625,282.744140625,-2.3642125432116,5.13263700858879,6
2025-12-19 23:55:53.820,280.8984375,273.8671875,-2.3642125432116,5.13263700858879,6
2025-12-19 23:55:54.820,278.26171875,305.15625,-2.3642125432116,5.13263700858879,6
2025-12-19 23:55:55.820,290.390625,283.359375,-2.3642125432116,5.13263700858879,0
2025-12-19 23:55:56.820,290.126953125,291.533203125,-2.3642125432116,5.13263700858879,0
