timestamp,pozyx_x,pozyx_y,pozyx_theta,reeman_x,reeman_y,reeman_theta
2025-12-13 21:26:19,0,0,0,0.2302247316585955,-0.03919419257743209,0.0371664281060368
2025-12-13 21:26:19,1.3781247886400614,-0.7364104923326567,0.0,0.23081133337384316,-0.03952354149163234,0.03736188160161395
2025-12-13 21:26:20,1.3795186789370255,-0.7432468301352915,0.0,0.23071698681628425,-0.03953845142440789,0.037274444404326514
2025-12-13 21:26:20,1.3817900234463296,-0.7466292754762724,0.0,0.23121081092660914,-0.0398720482194022,0.03733658679452214
2025-12-13 21:26:20,1.3432061537311673,-0.7391191261589731,0.0,0.23091499978238367,-0.04015122231958573,0.037364261672717065
2025-12-13 21:26:21,1.3432061537311673,-0.7391191261589731,0.0,0.23036936559246132,-0.0398781913070326,0.03724273614591954
2025-12-13 21:26:21,1.3014045566126216,-0.7401093157692304,0.0,0.23125301476794452,-0.039253045822736476,0.03721322663054881
2025-12-13 21:26:21,1.3039362185713639,-0.7387334957309535,0.0,0.2305235273333868,-0.039448643313642916,0.03718980090846734
2025-12-13 21:26:22,1.3107722763648142,-0.7372944377006305,0.0,0.23118855635758237,-0.040347501501027234,0.03730103358133729
2025-12-13 21:26:22,1.3107722763648142,-0.7372944377006305,0.0,0.2309231294867926,-0.040501056553641085,0.03728229003496921
2025-12-13 21:26:22,1.3147207799463023,-0.732155335044838,0.0,0.23048594308848358,-0.04037585734458331,0.03731838897924107
2025-12-13 21:26:22,1.3263538393003962,-0.7351495210144816,0.0,0.23066089209946067,-0.039426769644058696,0.03720712888168361
2025-12-13 21:26:23,1.272182679436988,-0.7291660628426622,0.0,0.23114551345315576,-0.03996161297087755,0.037320428895985684
2025-12-13 21:26:23,1.2648617870144951,-0.7320227993450095,0.0,0.22970027245354183,-0.039223338975167873,0.03738916239002674
2025-12-13 21:26:23,1.2648617870144951,-0.7320227993450095,0.0,0.22970027245354183,-0.039223338975167873,0.03738916239002674
2025-12-13 21:26:24,1.2353935850519777,-0.7226691530571634,0.0,0.23086056276707326,-0.040410156225225834,0.037392789643793944
2025-12-13 21:26:24,1.2540606082148225,-0.7262301438390659,0.0,0.23082219958651273,-0.04010361937792916,0.037399660324604095
2025-12-13 21:26:24,1.2701663954742226,-0.7200381630089983,0.0,0.2306342033446068,-0.04022412155816136,0.03739470924424871
2025-12-13 21:26:25,1.2701663954742226,-0.7200381630089983,0.0,0.23057322520167153,-0.040140413438758786,0.0373781521594606
2025-12-13 21:26:25,1.2834008795100273,-0.7225124047839666,0.0,0.23064045953257015,-0.039831437070524625,0.037370587544564696
2025-12-13 21:26:25,1.3048466992329655,-0.7302151718783112,0.0,0.2311586363328061,-0.04049328044555597,0.037384233910646755
2025-12-13 21:26:25,1.3264211440007851,-0.7422581181283432,0.0,0.231001379424019,-0.04045791008943675,0.037378188091621044
2025-12-13 21:26:26,1.3440609069099403,-0.7557342489222114,0.0,0.23109840924180786,-0.04043216734117444,0.037372955423928614
2025-12-13 21:26:26,1.3440609069099403,-0.7557342489222114,0.0,0.230887962322447,-0.04037525252475395,0.03726193683833852
2025-12-13 21:26:26,1.3492992786874163,-0.7593518144658409,0.0,0.2312054032435154,-0.04020455517513745,0.037294515813304126
2025-12-13 21:26:27,1.3598917552880985,-0.7593274664217768,0.0,0.23094636563820836,-0.03973827014342452,0.037357254698394224
2025-12-13 21:26:27,1.374730278362216,-0.7621351947616126,0.0,0.23050257533606458,-0.040093999469232734,0.03741376823140938
2025-12-13 21:26:27,1.3796822546200402,-0.76891983856229,0.0,0.23130195533349818,-0.040452652620814544,0.037193921892204614
2025-12-13 21:26:28,1.3796822546200402,-0.76891983856229,0.0,0.23026964059311678,-0.04079709024071395,0.037390512417244705
2025-12-13 21:26:28,1.3805725238203355,-0.7757723896538482,0.0,0.23113074138795325,-0.04117349700235163,0.037496016175531104
2025-12-13 21:26:28,1.3861263519535534,-0.7707452981197176,0.0,0.23148150513701027,-0.03989132297648198,0.037329360825034054
2025-12-13 21:26:28,1.3848130474477907,-0.7589399077225296,0.0,0.2311757394723253,-0.03957792645857906,0.037172656846322635
2025-12-13 21:26:29,1.3848130474477907,-0.7589399077225296,0.0,0.23080807830277336,-0.04022586361825416,0.03725665161764284
2025-12-13 21:26:29,1.3896897825309453,-0.7571528429773378,0.0,0.23021850074057232,-0.04016141003522471,0.037328087280292244
2025-12-13 21:26:29,1.3847371654294813,-0.7550908933717089,0.0,0.23107181556815154,-0.0398005171247975,0.03734974578588402
2025-12-13 21:26:30,1.3789912671319324,-0.7535773437918241,0.0,0.2305317501070955,-0.04040455426077051,0.03749160725786873
2025-12-13 21:26:30,1.3766222222341435,-0.750205997154578,0.0,0.22971126796026148,-0.040698864840741505,0.03738681064677523
2025-12-13 21:26:30,1.3766222222341435,-0.750205997154578,0.0,0.22978884061909038,-0.04050285258775921,0.037377321561840156
2025-12-13 21:26:31,1.3730886409611227,-0.7464535112394428,0.0,0.23117204024753737,-0.041182247379313426,0.03738191691796732
2025-12-13 21:26:31,1.3788523535566484,-0.7465867533135437,0.0,0.2304846095256324,-0.04030265294942965,0.037384616699512756
2025-12-13 21:26:31,1.3834190975304752,-0.750165492352213,0.0,0.23035223011231665,-0.04123710699975651,0.037349784508150956
2025-12-13 21:26:31,1.384127803516369,-0.7542309475072437,0.0,0.2302007918832972,-0.040921165939634935,0.03731848090315581
2025-12-13 21:26:32,1.384127803516369,-0.7542309475072437,0.0,0.2306599547234468,-0.040136713442987915,0.03737448197711824
2025-12-13 21:26:32,1.37829563594375,-0.7488436172306072,0.0,0.23073712111165107,-0.040048358031017764,0.037427786248087534
2025-12-13 21:26:32,1.3435720903135455,-0.7437384515045002,0.0,0.23041333113690182,-0.03986505750519897,0.03732107285264418
2025-12-13 21:26:33,1.3456040821870117,-0.7454061138881438,0.0,0.23020367702953423,-0.03961015346338928,0.037253634294580874
2025-12-13 21:26:33,1.3456040821870117,-0.7454061138881438,0.0,0.231008524028681,-0.03903591439289987,0.03724311862500483
2025-12-13 21:26:33,1.3533621007608534,-0.7485435382213075,0.0,0.23085081523234258,-0.040053349015919684,0.03715648661024456
2025-12-13 21:26:34,1.347879256095917,-0.7446702359958206,0.0,0.23092995621706897,-0.039856002867608695,0.0371217926201379
2025-12-13 21:26:34,1.3583850821200094,-0.7381174779752135,0.0,0.23170320524650162,-0.03996677020630668,0.037262349731223846
2025-12-13 21:26:34,1.3649502968402747,-0.7391362659891461,0.0,0.2301874994857081,-0.03932081870780946,0.037237557455541054
2025-12-13 21:26:34,1.3649502968402747,-0.7391362659891461,0.0,0.2309717507682172,-0.03977848429767539,0.03725615053368001
2025-12-13 21:26:35,1.3766248684505524,-0.7531471623347048,0.0,0.2308860297913005,-0.03959440145535907,0.03734986004170192
2025-12-13 21:26:35,1.3726732579081848,-0.7380645735207219,0.0,0.22993044341072216,-0.03999046559732432,0.0373584257691548
2025-12-13 21:26:35,1.3702508406585514,-0.7375270440300215,0.0,0.23153443219435105,-0.03941202516523559,0.037253776959459965
2025-12-13 21:26:36,1.3702508406585514,-0.7375270440300215,0.0,0.23018500336318642,-0.03995069614621211,0.037483514073459644
2025-12-13 21:26:36,1.36668392794776,-0.7261064441199168,0.0,0.23214892816524835,-0.039536806459769924,0.03739828878060144
2025-12-13 21:26:36,1.372909069216047,-0.7387011169455047,0.0,0.23118133202029692,-0.039359655113655974,0.037292625990997176
2025-12-13 21:26:37,1.3675946902923954,-0.7423402980115386,0.0,0.2314639414469858,-0.040102723288565296,0.037263112078111074
2025-12-13 21:26:37,1.3728300939843114,-0.7359145897654473,0.0,0.23053493140689926,-0.0400122856473208,0.037265131800502414
2025-12-13 21:26:37,1.3728300939843114,-0.7359145897654473,0.0,0.23094876173078194,-0.03919083143474748,0.037425068242217446
2025-12-13 21:26:37,1.3747054091456656,-0.738614607294497,0.0,0.230460599281934,-0.040198600225072975,0.03722348010186936
2025-12-13 21:26:38,1.3801590977371956,-0.7431751373346658,0.0,0.2304425629985577,-0.03994983330669383,0.0373133383280101
2025-12-13 21:26:38,1.3822025103229743,-0.740144098496395,0.0,0.23054524012763566,-0.03977319661397189,0.03740843510098666
2025-12-13 21:26:38,1.3851053525697707,-0.7438431696969248,0.0,0.21319903737890844,-0.0004981185472697075,0.0316154098891159
2025-12-13 21:26:39,1.3851053525697707,-0.7438431696969248,0.0,0.21317660894740942,0.0006937005475934205,0.03133351824577319
2025-12-13 21:26:39,1.3793761304410495,-0.7394151514268312,0.0,0.2132728649210649,0.001600523210713467,0.031777434477645285
2025-12-13 21:26:39,1.3721578857744807,-0.7404391786812059,0.0,0.2130901902912494,0.0018920041580629127,0.03163308488116958
2025-12-13 21:26:40,1.3648863319810305,-0.7366488005833312,0.0,0.2124071549350815,0.0006146131064062033,0.031684532498192974
2025-12-13 21:26:40,1.3648863319810305,-0.7366488005833312,0.0,0.21422993027893011,0.0006941988866811105,0.03168817126221457
2025-12-13 21:26:40,1.3617171348636854,-0.7408318739436195,0.0,0.21381707765098573,-0.0006810227864666452,0.03189032438484442
2025-12-13 21:26:40,1.384788909978243,-0.7399236279606594,0.0,0.21247919778056462,0.0006614675227690214,0.031808276554632926
2025-12-13 21:26:41,1.3770863985317319,-0.7369271851116561,0.0,0.21387912264020406,0.0011803937703354778,0.03143470148061145
2025-12-13 21:26:41,1.3625007914079634,-0.7440783203195416,0.0,0.21360717602581517,0.0013381985231415705,0.03165610108264342
2025-12-13 21:26:41,1.3625007914079634,-0.7440783203195416,0.0,0.21274436041677275,9.227557997694424e-05,0.0315421388710896
2025-12-13 21:26:42,1.3620136556202376,-0.7417335434483405,0.0,0.21362646277193909,0.00013394540774448738,0.03176265395080425
2025-12-13 21:26:42,1.3471734592938955,-0.7381168848179036,0.0,0.21206974283618363,0.0006335656745513896,0.03155618713937116
2025-12-13 21:26:42,1.345478149296264,-0.7510033972779955,0.0,0.21346410207810554,0.00036200015923891493,0.03171501983280604
2025-12-13 21:26:43,1.3385673225086767,-0.7479509648396019,0.0,0.2121186421615293,0.0002860415833914193,0.03149588666307465
2025-12-13 21:26:43,1.3385673225086767,-0.7479509648396019,0.0,0.21299924492595138,0.0007173566820475735,0.03157135628861889
2025-12-13 21:26:43,1.3488623742348878,-0.7447240015102907,0.0,0.21124960298237633,0.001165732836630573,0.03131245053195807
2025-12-13 21:26:43,1.356552388198953,-0.7438482067589383,0.0,0.2155734590572545,0.0022106854967506723,0.03288404005455777
2025-12-13 21:26:44,1.3689545719754876,-0.712544114354702,0.0,0.2523036138574542,0.0031345485082495683,0.06399959373865646
2025-12-13 21:26:44,1.3689545719754876,-0.712544114354702,0.0,0.34344525481699445,0.004779415530700257,-0.09859488214664112
2025-12-13 21:26:44,1.391121126735493,-0.6782993529358781,0.0,0.4143759305343594,-0.007648254798280338,-0.21020379657046884
2025-12-13 21:26:45,1.4082941101330901,-0.6151794903400973,0.0,0.47945783229456523,-0.02062033073698405,-0.226428989303363
2025-12-13 21:26:45,1.4630465312487138,-0.5583055261273406,0.0,0.5776048049014468,-0.044847208535129524,-0.2711259818302241
2025-12-13 21:26:45,1.5233692686479525,-0.4884677263150532,0.0,0.6415621273007986,-0.0630942857635589,-0.3203520368748001
2025-12-13 21:26:46,1.5233692686479525,-0.4884677263150532,0.0,0.7569383410614965,-0.09954104757877824,-0.33394248874098
2025-12-13 21:26:46,1.5530029689990226,-0.41580513207578995,0.0,0.8077143611617238,-0.11379065596756009,-0.33661960038229866
2025-12-13 21:26:46,1.5737892536657379,-0.3156556512745029,0.0,0.9221383415224922,-0.1530152609702058,-0.3595052423186496
2025-12-13 21:26:46,1.6145880584256729,-0.1916499955237625,0.0,1.04453579853823,-0.19595719143867188,-0.3440504511875329
2025-12-13 21:26:47,1.6463375637204885,-0.05866527300850877,0.0,1.1593970403576184,-0.24025893437246337,-0.33662122274137424
2025-12-13 21:26:47,1.6463375637204885,-0.05866527300850877,0.0,1.218002906187152,-0.26179262644343004,-0.33427178083555054
2025-12-13 21:26:47,1.6754157502492382,0.09018238699853054,0.0,1.2778159138965357,-0.2805004821819064,-0.3208257880467266
2025-12-13 21:26:48,1.68830457178993,0.22645337534837517,0.0,1.3907283979672,-0.31262937665548424,-0.29747689227128793
2025-12-13 21:26:48,1.714215755917104,0.3524630044487299,0.0,1.4508341782151686,-0.3327207846373431,-0.294522337514377
2025-12-13 21:26:48,1.714215755917104,0.3524630044487299,0.0,1.5558746073125624,-0.36245362871075354,-0.276091832681308
2025-12-13 21:26:49,1.7250744419067596,0.4365782119082175,0.0,1.6157215120701365,-0.38101108099395675,-0.27166769538599783
2025-12-13 21:26:49,1.7503337696477794,0.516564638862225,0.0,1.7337418066754244,-0.41607361430626955,-0.2648120330510824
2025-12-13 21:26:49,1.758464407798302,0.6589345817412061,0.0,1.7866872155899518,-0.4299701882800073,-0.26236471972131015
2025-12-13 21:26:49,1.7631915709946995,0.7692084476280979,0.0,1.9062270577906548,-0.4608838135187328,-0.2681438353157384
2025-12-13 21:26:50,1.7631915709946995,0.7692084476280979,0.0,1.9684318341233675,-0.476817532625181,-0.2605826427719728
2025-12-13 21:26:50,1.7825677541783236,0.8758651652166752,0.0,2.0902393513504642,-0.5102809753299593,-0.2526923374783641
2025-12-13 21:26:50,1.7954081968813302,0.9728623946577963,0.0,2.1504884308075414,-0.5250300231474132,-0.2501484254397551
2025-12-13 21:26:51,1.8625835228754337,0.9945109924084908,0.0,2.27018986128385,-0.5539553662639143,-0.2403980339679725
2025-12-13 21:26:51,1.9422873969058543,1.0262480829173628,0.0,2.330576320599131,-0.5687431534954825,-0.2319597587659041
2025-12-13 21:26:51,1.9422873969058543,1.0262480829173628,0.0,2.4496998795816287,-0.5928265276555779,-0.2062520381261014
2025-12-13 21:26:52,1.9364231373694503,1.2083144391216494,0.0,2.5590230170536508,-0.6111976250189051,-0.15854735561254613
2025-12-13 21:26:52,1.9289674132216525,1.404124128987637,0.0,2.5590230170536508,-0.6111976250189051,-0.15854735561254613
2025-12-13 21:26:52,1.9448686305391858,1.5790332106189795,0.0,2.6975958393957393,-0.6540320200127827,-0.09344306641132892
2025-12-13 21:26:52,1.9448686305391858,1.5790332106189795,0.0,2.8136824531886524,-0.6603345631073846,-0.03303624553235189
2025-12-13 21:26:53,1.9857643620079621,1.7366053359858702,0.0,2.8755560655681323,-0.6588461085137293,-0.01519004829122804
2025-12-13 21:26:53,1.9991497919473202,1.8554786192081372,0.0,2.9965935041349643,-0.6556024559772441,0.027198082271520246
2025-12-13 21:26:53,1.9885264867824155,1.9704460418113106,0.0,3.0575440711547643,-0.6523680746319138,0.03770639615191094
2025-12-13 21:26:54,1.9803791717498318,2.0922520920879517,0.0,3.1863485415890853,-0.6455678004195043,0.03875880936945351
2025-12-13 21:26:54,1.9803791717498318,2.0922520920879517,0.0,3.246428619333279,-0.6430721026970326,0.05848680142699538
2025-12-13 21:26:54,1.948051622562976,2.1819010454350796,0.0,3.3664033926359895,-0.6332263889657573,0.07368286995471254
2025-12-13 21:26:55,1.9047542980841188,2.2701296019659414,0.0,3.4257009903852893,-0.6273117355058084,0.07390545036806878
2025-12-13 21:26:55,1.8807087329028265,2.3506777382680974,0.0,3.4881316440897714,-0.6213618535331601,0.07280354845013867
2025-12-13 21:26:55,1.8691144412110432,2.4806586803442947,0.0,3.595416767581161,-0.6085049098338933,0.07577554945470213
2025-12-13 21:26:55,1.8691144412110432,2.4806586803442947,0.0,3.7194574105883453,-0.6024065977108917,0.05547879922756071
2025-12-13 21:26:56,1.8578835316990572,2.5919088292259858,0.0,3.7819619948284644,-0.5973490462935711,0.06447875593744261
2025-12-13 21:26:56,1.8315483887545434,2.6841741787036337,0.0,3.896405141675944,-0.5891993423942097,0.07641545212098572
2025-12-13 21:26:56,1.7971970519197211,2.782992672927787,0.0,3.95905468982114,-0.582978450850044,0.0805474823496595
2025-12-13 21:26:57,1.7971970519197211,2.782992672927787,0.0,4.0215122885935415,-0.5765125545220187,0.08712804672246267
2025-12-13 21:26:57,1.772961049829012,2.8910763371543124,0.0,4.142569344933268,-0.5658466476950156,0.10329666312546032
2025-12-13 21:26:57,1.7560043324636836,2.985060514408046,0.0,4.20089518247101,-0.5601379166212986,0.09247620301194287
2025-12-13 21:26:58,1.7529382520176673,3.0697203132951505,0.0,4.327560064321002,-0.5465672540428944,0.08406877995866749
2025-12-13 21:26:58,1.766660012025512,3.1706214996993856,0.0,4.389141649493747,-0.5405223449622276,0.08484830867873569
2025-12-13 21:26:58,1.766660012025512,3.1706214996993856,0.0,4.506977206961475,-0.5259248245305785,0.08471607836595565
2025-12-13 21:26:58,1.8065017702440962,3.290527201361583,0.0,4.5679711205760425,-0.5206670983106239,0.09422273851073211
2025-12-13 21:26:59,1.7789496069252113,3.3988184729352744,0.0,4.671706850048992,-0.505955615634908,0.0909093302991155
2025-12-13 21:26:59,1.7240275908739975,3.506510711442612,0.0,4.733662929627091,-0.5002150931117357,0.0704967622743783
2025-12-13 21:26:59,1.7240275908739975,3.506510711442612,0.0,4.850769704196637,-0.48114496061780293,0.08083044501621167
2025-12-13 21:27:00,1.7013328035130326,3.618253531046874,0.0,4.910786141658886,-0.47018739917683133,0.0826049326723436
2025-12-13 21:27:00,1.6146833629754378,3.6617821566034467,0.0,5.02509115087748,-0.4644115652819816,-0.013636520731656708
2025-12-13 21:27:00,1.4425766635310404,3.6333963752881586,0.0,5.156958299676127,-0.45667182775120135,0.11571041739448111
2025-12-13 21:27:01,1.4704638946172017,3.7731056946064108,0.0,5.2101032236212905,-0.45043023529541654,0.042396361097818795
2025-12-13 21:27:01,1.4704638946172017,3.7731056946064108,0.0,5.275032605922009,-0.45001024819891045,0.030595320834866976
2025-12-13 21:27:01,1.5038992856542373,3.932058740888839,0.0,5.395030023581152,-0.4435091734234145,0.09154875409853881
2025-12-13 21:27:01,1.534386499389395,4.064661962693802,0.0,5.520734113523948,-0.43131094129263725,0.05987257116511464
2025-12-13 21:27:02,1.5722893240950786,4.19343755379829,0.0,5.579568884266188,-0.4264508874555612,0.07859279561224942
2025-12-13 21:27:02,1.606174492535743,4.302637146033427,0.0,5.690412306504095,-0.4093623872933764,0.09286304019149062
2025-12-13 21:27:02,1.606174492535743,4.302637146033427,0.0,5.7527723572782365,-0.40809360443732073,0.09428674687464988
2025-12-13 21:27:03,1.618425273010022,4.423341669691675,0.0,5.86677888587741,-0.40064013780970253,0.08558171211205795
2025-12-13 21:27:03,1.6297224082092179,4.529275934847297,0.0,5.928312831427259,-0.39550370999739703,0.0931493266625277
2025-12-13 21:27:03,1.609897605296751,4.657190889338528,0.0,6.050343813760803,-0.3830060256284848,0.0951739715981196
2025-12-13 21:27:04,1.5781980129585984,4.7818546664948975,0.0,6.1117411580682255,-0.37606219914426814,0.09093035619820747
2025-12-13 21:27:04,1.5781980129585984,4.7818546664948975,0.0,6.240728357122988,-0.3614798662881772,0.1025859031420983
2025-12-13 21:27:04,1.548656289116374,4.904602256114959,0.0,6.303052462691962,-0.35501211686938045,0.10606344550849629
2025-12-13 21:27:04,1.5093145926168314,5.03740602340829,0.0,6.425180394092779,-0.3425977691647044,0.08684238984399607
2025-12-13 21:27:05,1.4917567741481734,5.135018180928991,0.0,6.485017134961199,-0.3341795184663351,0.09243270952287985
2025-12-13 21:27:05,1.4917567741481734,5.135018180928991,0.0,6.606417009729252,-0.31798902447763666,0.08677792552622869
2025-12-13 21:27:05,1.4677369483038647,5.234386116368487,0.0,6.652154927313414,-0.3127784500553391,0.07539841496418422
2025-12-13 21:27:06,1.4122157387446788,5.378285139839397,0.0,6.778577687962224,-0.30055417805046014,0.08511922033066373
2025-12-13 21:27:06,1.3642059723678648,5.5075176708508655,0.0,6.841882838008557,-0.290789655456547,0.07303137920792056
2025-12-13 21:27:06,1.343213551210194,5.611498727688687,0.0,6.962094362538721,-0.28332847901178865,0.07680485269221814
2025-12-13 21:27:07,1.343213551210194,5.611498727688687,0.0,7.0204188469989415,-0.28147067378692575,0.07894333145114701
2025-12-13 21:27:07,1.3387384943503424,5.7262220313645456,0.0,7.140853952154772,-0.2713649637032563,0.06917236123710445
2025-12-13 21:27:07,1.3298197702720442,5.838629599036669,0.0,7.205598117636071,-0.2646207745252949,0.07482882027886295
2025-12-13 21:27:07,1.306965662859906,5.950171339759748,0.0,7.325700614527671,-0.2524875982525134,0.09195384568878613
2025-12-13 21:27:08,1.306965662859906,5.950171339759748,0.0,7.388044274120062,-0.24552022586930133,0.09429885452017486
2025-12-13 21:27:08,1.25933646502485,6.118791147052472,0.0,7.512209678005939,-0.23283749275535587,0.08935143017838709
2025-12-13 21:27:08,1.2572635225611068,6.17562026819416,0.0,7.572610257904818,-0.22796231999961092,0.0953253268654126
2025-12-13 21:27:09,1.2690246584444325,6.264584227548102,0.0,7.678833522308324,-0.2185465077389653,0.08570053242245479
2025-12-13 21:27:09,1.2738006452304096,6.365644774653965,0.0,7.740777196161642,-0.21327542414974854,0.08367473149163758
2025-12-13 21:27:09,1.2738006452304096,6.365644774653965,0.0,7.861514783372879,-0.1987768138470788,0.09795709283592247
2025-12-13 21:27:10,1.2893467335525786,6.454215387666654,0.0,7.918545149307506,-0.19235090888605322,0.07782040229150436
2025-12-13 21:27:10,1.3138325236605721,6.5321812434004345,0.0,8.041964426829798,-0.18069594606205788,0.08633991828457323
2025-12-13 21:27:10,1.2905725067734508,6.643815726855081,0.0,8.102881372996901,-0.1744960278279527,0.08715940455093707
2025-12-13 21:27:10,1.2724923925347416,6.761829738550921,0.0,8.227665067662922,-0.16468341800736763,0.06090294745552486
2025-12-13 21:27:11,1.2724923925347416,6.761829738550921,0.0,8.28904610842654,-0.1594015780429978,0.0829169076217533
2025-12-13 21:27:11,1.2599495933566536,6.879520803081172,0.0,8.350904114463617,-0.15189897790728618,0.10477627285494952
2025-12-13 21:27:11,1.2402971932779676,7.015752981349856,0.0,8.47287577569323,-0.14025964370771893,0.08382397215365503
2025-12-13 21:27:12,1.2186616628684397,7.134210561690453,0.0,8.535418163952734,-0.1321324873870134,0.10057272433851527
2025-12-13 21:27:12,1.2186616628684397,7.134210561690453,0.0,8.656342747329354,-0.12105274985801118,0.08612358303655797
2025-12-13 21:27:12,1.203031876104837,7.2709078955152675,0.0,8.705776667667058,-0.11626457117934658,0.08728263949666418
2025-12-13 21:27:13,1.185340441288425,7.398736754938322,0.0,8.824554421820585,-0.10372864229280152,0.0875015883786685
2025-12-13 21:27:13,1.1572728080085208,7.5202135039387095,0.0,8.885064745255034,-0.09831979958403789,0.10266964620503709
2025-12-13 21:27:13,1.1363291990633877,7.713765756982737,0.0,9.000009148329278,-0.08496195989783717,0.06591110669662516
2025-12-13 21:27:13,1.1363291990633877,7.713765756982737,0.0,9.125948858386602,-0.0751855206932355,0.09670602611877399
2025-12-13 21:27:14,1.134521300522981,7.825633258384894,0.0,9.186024128418564,-0.06632189275195158,0.0971065409263038
2025-12-13 21:27:14,1.0898565915916487,7.9395119875093965,0.0,9.310691416607677,-0.05425622616683179,0.06860124363316993
2025-12-13 21:27:14,1.0358815307650775,8.04413288195018,0.0,9.372920569578593,-0.04825018518140886,0.08465042929061178
2025-12-13 21:27:15,1.0358815307650775,8.04413288195018,0.0,9.492508189386832,-0.03284952740374977,0.09322798753307032
2025-12-13 21:27:15,1.0011545509986957,8.154651846567717,0.0,9.552982598622318,-0.027309028767344118,0.07402020746205001
2025-12-13 21:27:15,0.9896979592030823,8.258059003478337,0.0,9.674154966650852,-0.017784435582963637,0.07450040208979793
2025-12-13 21:27:16,0.9384350187232652,8.38963260727332,0.0,9.723448378394295,-0.011051259644582034,0.08355625168812582
2025-12-13 21:27:16,1.0061877632198506,8.53596888802388,0.0,9.83058794898625,-0.0034225399923887845,0.02717376830340993
2025-12-13 21:27:16,1.0061877632198506,8.53596888802388,0.0,9.866233179952706,-0.003991611099588954,0.025678211496812417
2025-12-13 21:27:16,0.9547476372340058,8.638727906374797,0.0,9.935270353232147,0.00040101891035279613,0.02052912225372929
2025-12-13 21:27:17,0.9765176472181594,8.811310860369169,0.0,9.967043843910028,-0.0010193953241569298,0.0017274100569742202
2025-12-13 21:27:17,1.000511701032607,8.886393018481954,0.0,9.983691425150358,-0.0005596161045646475,0.005276172996646416
2025-12-13 21:27:17,1.0384739813983042,8.912786152955892,0.0,9.979921064158889,9.27881811330078e-05,0.005650757249724774
2025-12-13 21:27:18,1.0384739813983042,8.912786152955892,0.0,9.979533586402813,-0.00023408499577032282,0.004447196316111746
2025-12-13 21:27:18,1.009930027511429,8.963529545695796,0.0,9.979208809116614,-0.00025718281264941467,0.004466989440369866
2025-12-13 21:27:18,0.9973739999466749,8.951480151508179,0.0,9.97951537902956,0.00026229895512228096,0.004518721595357065
2025-12-13 21:27:19,1.0258003832472118,9.010768783783913,0.0,9.979457720388222,0.0009326087837882024,0.0043623604762970496
2025-12-13 21:27:19,1.0258003832472118,9.010768783783913,0.0,9.978438038843604,0.0004017817166611648,0.00460660125438402
2025-12-13 21:27:19,1.0233795437416047,8.965429408843761,0.0,9.978680287468503,-9.42545204303813e-05,0.004429596685006994
2025-12-13 21:27:19,1.0362934009524083,8.961576930616062,0.0,9.979139601621409,-0.0001561347936387958,0.00434713251869284
2025-12-13 21:27:20,1.0609614649517929,8.999716684698406,0.0,9.979611068735938,0.0007051888749214086,0.004488539234071629
2025-12-13 21:27:20,1.0225084105477866,9.02153095853836,0.0,9.979252357335154,0.0004660518095475352,0.004500332097434907
2025-12-13 21:27:20,1.0225084105477866,9.02153095853836,0.0,9.979295166631184,0.0004920086596125195,0.004489462174696978
2025-12-13 21:27:21,1.0081798310637908,8.925409578486164,0.0,9.978625883084296,0.00042765589031326656,0.0044698824612507924
2025-12-13 21:27:21,1.0018088679759554,8.903508705306031,0.0,9.978763339424326,0.0008245385848118514,0.00454948421245464
2025-12-13 21:27:21,1.0059210714015943,8.924707149589391,0.0,9.979080541526882,-0.000135231019568971,0.004471607048737364
2025-12-13 21:27:22,1.012514269303441,8.945029988026281,0.0,9.980144615775563,0.0012545131178081648,0.004953333160639636
2025-12-13 21:27:22,1.012514269303441,8.945029988026281,0.0,9.979460720008797,0.000409516293518597,0.005449354139010408
2025-12-13 21:27:22,1.0226729276972448,8.892146902706578,0.0,9.97956233156011,0.0005471371764610156,0.0054269235802475195
2025-12-13 21:27:22,0.997950858212022,8.80100967849204,0.0,9.979862387435352,0.00041561971551412613,0.005422902949584216
2025-12-13 21:27:23,1.0159340217077895,8.79165475134366,0.0,9.980652969355631,0.0006483035312908614,0.0055174342306401
2025-12-13 21:27:23,1.0159340217077895,8.79165475134366,0.0,9.980000593370383,0.0006418429123854763,0.005300541332023933
2025-12-13 21:27:23,1.0231856408416493,8.800968009998485,0.0,9.980000593370383,0.0006418429123854763,0.005300541332023933
2025-12-13 21:27:24,1.0097590002135157,8.776067246689845,0.0,9.98064239352348,0.0006370936672048799,0.005225787704807591
2025-12-13 21:27:24,1.0253121624668464,8.799367032803467,0.0,9.980424979681361,0.0006281896127846576,0.005312645304252499
2025-12-13 21:27:24,1.0665219969109134,8.81809864044682,0.0,9.980396705752609,0.0008641448525788797,0.005439652846351005
2025-12-13 21:27:25,1.0665219969109134,8.81809864044682,0.0,9.979808855743984,0.0007643444908922437,0.0053341614212899695
2025-12-13 21:27:25,1.0527857047189428,8.786187207580348,0.0,9.980587446919996,0.0010717553233062505,0.005443739725760584
2025-12-13 21:27:25,1.02789116640513,8.766984991891423,0.0,9.980367618494558,0.0016627704194615567,0.005388649960286126
2025-12-13 21:27:25,1.0141237619922978,8.809359684233009,0.0,9.980778270688083,0.00240486341810886,0.005277964908851802
2025-12-13 21:27:26,1.0141237619922978,8.809359684233009,0.0,9.98099241956167,0.0026496176502795454,0.005202038259774188
2025-12-13 21:27:26,1.0023405597316464,8.85831724423618,0.0,9.980411738321964,0.0023209280338716554,0.0052925665315336455
2025-12-13 21:27:26,1.0889710000205635,8.879722186739894,0.0,9.980127766002834,0.0024912991422198216,0.004977039275710219
2025-12-13 21:27:27,1.0820113857006746,8.905908337431299,0.0,9.980710839929591,0.0023538204248640393,0.005276353977352618
2025-12-13 21:27:27,1.0659974365560279,8.939952693665052,0.0,9.980435653354755,0.0032636946557978164,0.005397136157770155
2025-12-13 21:27:27,1.0659974365560279,8.939952693665052,0.0,9.98044163193189,0.002204178354551556,0.00560264990628607
2025-12-13 21:27:28,1.0149149453579926,8.831024596473917,0.0,9.980702800549293,0.00219254202257424,0.005347697340979638
2025-12-13 21:27:28,1.0294917531032368,8.836170791772272,0.0,9.980910932179517,0.0024822167529548744,0.005430259189724959
2025-12-13 21:27:28,1.0084735314274005,8.807514209387033,0.0,9.980316936489501,0.002853207294783333,0.005522054337124356
2025-12-13 21:27:28,1.0182129979086882,8.785807446724032,0.0,9.98076169163846,0.003156502331851857,0.005327156238793504
2025-12-13 21:27:29,1.0182129979086882,8.785807446724032,0.0,9.981436726441114,0.0027331317269639333,0.005124449685833606
2025-12-13 21:27:29,1.0180245581340452,8.73009350364611,0.0,9.98103264967187,0.0025968876918363304,0.005421402876979237
2025-12-13 21:27:29,1.0438440309610262,8.752011582333008,0.0,9.981130889325783,0.0028033714353085104,0.005182389319563867
2025-12-13 21:27:30,0.9900834549775808,8.806756609288563,0.0,9.980202091299729,0.002329835747783615,0.005086563317719786
2025-12-13 21:27:30,0.9900834549775808,8.806756609288563,0.0,9.981641258562632,0.0028348189611642483,0.005021369114521508
2025-12-13 21:27:30,0.9543068329380746,8.744146267117337,0.0,9.980760762871574,0.0022603967528888047,0.0052287665819366275
2025-12-13 21:27:31,0.94909882421961,8.724111428584354,0.0,9.980940343824491,0.0027237941100721197,0.00516914420722161
2025-12-13 21:27:31,0.9381080491490291,8.653913349724302,0.0,9.98069831608742,0.0028316396705063696,0.005401292588244183
2025-12-13 21:27:31,0.9118039686821732,8.661187381636157,0.0,9.980484746177256,0.0032523519927675493,0.00523149689477008
2025-12-13 21:27:31,0.9118039686821732,8.661187381636157,0.0,9.98070448226348,0.002779912528899975,0.005310022309847921
2025-12-13 21:27:32,0.9938697480787022,8.727511514372281,0.0,9.980097942022024,-0.0013803080174717153,0.004466603839264009
2025-12-13 21:27:32,1.0190866063905069,8.666732331322123,0.0,9.98017152093449,-0.0008829621874896498,0.0044363214965620675
2025-12-13 21:27:32,1.0767837197540646,8.717775478939576,0.0,9.980539111935082,-0.0009405308725940198,0.004332513281452611
2025-12-13 21:27:33,1.1270317800470764,8.76369762683279,0.0,9.97972301193279,-0.0009119810299290376,0.004520246759274217
2025-12-13 21:27:33,1.1270317800470764,8.76369762683279,0.0,9.980066553814709,-0.0006929407372010532,0.004460239797030365
2025-12-13 21:27:33,1.1325903105338115,8.720316709584896,0.0,9.980502998761855,-0.000658387145805378,0.004569214837738105
2025-12-13 21:27:34,1.1383513824077738,8.715572428949784,0.0,9.980887373335177,-0.0007578803368039067,0.004468194571065518
2025-12-13 21:27:34,1.1340203155379387,8.657847461174434,0.0,9.980299465669903,-0.00033405252492910154,0.004636208222331558
2025-12-13 21:27:34,1.1340203155379387,8.657847461174434,0.0,9.980662098995083,-0.0006462883098118377,0.004645100328626849
2025-12-13 21:27:34,1.098943397712604,8.610150520394615,0.0,9.985750258339452,-0.002219738147744654,0.06182061598154968
2025-12-13 21:27:35,1.0800495757065096,8.571723839399382,0.0,9.980621372719632,0.005584917856679694,0.3405399568630332
2025-12-13 21:27:35,1.0633833061925198,8.529935206660888,0.0,9.982894486797694,0.009551037973856202,0.5343694496437784
2025-12-13 21:27:35,1.0286396117130399,8.516996406524704,0.0,9.977885369367897,0.008313153188316935,0.6288662797979064
2025-12-13 21:27:36,1.0286396117130399,8.516996406524704,0.0,9.975679896739676,0.009334097371857863,0.8129204247639458
2025-12-13 21:27:36,1.0056490749787854,8.485344760035304,0.0,9.976971277237984,0.009401322899402986,0.9051527679049207
2025-12-13 21:27:36,1.0060358118299744,8.570873572220727,0.0,9.973535641551571,0.010416880591898936,1.012402404615523
2025-12-13 21:27:37,0.981907225344025,8.533357660719815,0.0,9.969182289028655,0.033913662095614416,1.2237127793005695
2025-12-13 21:27:37,0.9545756533201807,8.50929974883265,0.0,9.970656175722073,0.04709028909566973,1.3253819956184725
2025-12-13 21:27:37,0.9545756533201807,8.50929974883265,0.0,9.980891657664118,0.10637554125181987,1.4480374801085407
2025-12-13 21:27:37,0.9082072311878049,8.499644373568184,0.0,9.98405432888829,0.14240945171690972,1.4980254473359116
2025-12-13 21:27:38,0.8416222926318379,8.483301380523049,0.0,9.990372866849686,0.23304502729457904,1.4531538482113997
2025-12-13 21:27:38,0.7881044387897504,8.577245223064235,0.0,10.018094871497738,0.34511889236994786,1.1993529191788865
2025-12-13 21:27:38,0.7881044387897504,8.577245223064235,0.0,10.04329655808049,0.40660632848293626,1.1050308553066768
2025-12-13 21:27:39,0.6979716181491304,8.573757543403964,0.0,10.10476110410689,0.5038670174089527,0.9211298426575911
2025-12-13 21:27:39,0.6234833100461241,8.595048845660141,0.0,10.14575495466056,0.5471239757220847,0.8246888713493168
2025-12-13 21:27:39,0.5083989069059205,8.655242519593244,0.0,10.22560663034888,0.6239489984672784,0.7320892625069927
2025-12-13 21:27:40,0.4076688896686241,8.712388682971405,0.0,10.267383697167444,0.6617556931695037,0.692281600281309
2025-12-13 21:27:40,0.4076688896686241,8.712388682971405,0.0,10.318064409129558,0.6983517380763291,0.6786895546678897
2025-12-13 21:27:40,0.3530463942922281,8.760340559019614,0.0,10.345159174796759,0.7166560241270519,0.5513766700701682
2025-12-13 21:27:40,0.2852484148101264,8.808747305685003,0.0,10.352267461826951,0.7186664147668227,0.6230537562540743
2025-12-13 21:27:41,0.21953537764757924,8.825300880492687,0.0,10.354758622090424,0.725052349887938,0.8516278585581596
2025-12-13 21:27:41,0.21953537764757924,8.825300880492687,0.0,10.352508195767053,0.7261764114230239,0.9657480294966823
2025-12-13 21:27:41,0.17449118105513056,8.852012823075153,0.0,10.351252123020583,0.7302773615218411,1.1766516519492356
2025-12-13 21:27:42,0.13648268219110654,8.860825428562155,0.0,10.34708226629601,0.7300673276787929,1.2772170033260708
2025-12-13 21:27:42,0.12062619948906633,8.880128163882297,0.0,10.346460777476546,0.7312491418169592,1.4820602675046188
2025-12-13 21:27:42,0.13267207730085767,8.99719782419341,0.0,10.343780651640703,0.7297286705919511,1.6909931651197219
2025-12-13 21:27:43,0.13267207730085767,8.99719782419341,0.0,10.338771695127223,0.7376434276622214,1.7686233621540544
2025-12-13 21:27:43,0.13976956635498428,9.083562417051375,0.0,10.3364098537837,0.7376430299475236,1.867465960758655
2025-12-13 21:27:43,0.1598996459592395,9.052797252311663,0.0,10.329622542281792,0.73687263609714,2.0658126381842057
2025-12-13 21:27:43,0.19368453859424561,9.071734700726225,0.0,10.313514461454961,0.747606094048826,2.2632340068470658
2025-12-13 21:27:44,0.16600388936807198,9.09087347541682,0.0,10.303064455653159,0.7533653369007554,2.3716417182008547
2025-12-13 21:27:44,0.16600388936807198,9.09087347541682,0.0,10.293480024172135,0.7603279979785333,2.471919700792304
2025-12-13 21:27:44,0.11767627912335071,9.043343684321293,0.0,10.264432406549673,0.7731483375212044,2.6760282575600547
2025-12-13 21:27:45,0.09401657173555561,9.005539991123936,0.0,10.244645230154065,0.7822611245906266,2.7920402789426984
2025-12-13 21:27:45,0.05304227503453923,8.898207176708738,0.0,10.138808544211678,0.8035526360107774,2.9625675231484996
2025-12-13 21:27:45,0.05304227503453923,8.898207176708738,0.0,10.0622102597613,0.8124543895009875,2.9966538115730614
2025-12-13 21:27:46,0.005081107350448033,8.78470553090854,0.0,9.941316459300708,0.826543950696478,3.020968024869187
2025-12-13 21:27:46,-0.007283939808245932,8.618696535653243,0.0,9.88301609066888,0.834581904718873,3.0110657200472017
2025-12-13 21:27:46,0.0026285463451177216,8.443851183105107,0.0,9.77018517778758,0.846774776777157,3.0022309358895587
2025-12-13 21:27:46,0.020164083669640592,8.298364903749171,0.0,9.64800693711634,0.8644549710291617,2.981394262556925
2025-12-13 21:27:47,0.020164083669640592,8.298364903749171,0.0,9.59292186811993,0.8733808809972764,2.9655302035782762
2025-12-13 21:27:47,0.06635115168964201,8.191413961996663,0.0,9.473086776146882,0.8936660747927652,2.930575621581002
2025-12-13 21:27:47,0.015598173448114483,8.068625428252478,0.0,9.413800303611442,0.9080521177382711,2.9105478704376035
2025-12-13 21:27:48,0.003857876726294146,7.922244592336107,0.0,9.355298231547923,0.9225146637867108,2.892451660625811
2025-12-13 21:27:48,0.02712555568735761,7.8164641054734645,0.0,9.256490798748231,0.9485051760040278,2.881005969848828
2025-12-13 21:27:48,0.02712555568735761,7.8164641054734645,0.0,9.240456105482563,0.9535275870686818,2.878953720823552
2025-12-13 21:27:49,0.04607964141814955,7.852257658890472,0.0,9.215266817248777,0.9570824707738212,3.105174356661495
2025-12-13 21:27:49,0.06682968513555007,7.793465058344145,0.0,9.222783811480554,0.9541343079392781,3.107808235969666
2025-12-13 21:27:49,0.09890923830406079,7.734479402881002,0.0,9.209695202522058,0.9505777777970197,-2.9435347423082336
2025-12-13 21:27:49,0.09890923830406079,7.734479402881002,0.0,9.185764349258383,0.9362322222969398,-2.7493114979311595
2025-12-13 21:27:50,0.12949913939377938,7.875830166180305,0.0,9.162216904953901,0.9234057224551018,-2.6495753715340475
2025-12-13 21:27:50,0.1426590316714651,7.817133862321078,0.0,9.099513640804268,0.8763700401737617,-2.4940419016789286
2025-12-13 21:27:50,0.1889306889749589,7.690651357481755,0.0,9.021918721027658,0.8065481948575045,-2.336313916370233
2025-12-13 21:27:51,0.22348096749856305,7.595618219548863,0.0,8.987641410620816,0.765807694771687,-2.317270505034152
2025-12-13 21:27:51,0.22348096749856305,7.595618219548863,0.0,8.9528900387508,0.7303356771469285,-2.3702611678838585
2025-12-13 21:27:51,0.25701303856567903,7.514443047153517,0.0,8.885139001964834,0.6669252221882689,-2.4707795818639475
2025-12-13 21:27:52,0.34427327872663127,7.384029284255298,0.0,8.844181106583594,0.6354554536236312,-2.5396965760013175
2025-12-13 21:27:52,0.4368987085908726,7.272018194805475,0.0,8.743824404921396,0.5816112176087158,-2.746037392998648
2025-12-13 21:27:52,0.433516515303091,7.155636478255935,0.0,8.680449877109929,0.5603946618574157,-2.862142097905194
2025-12-13 21:27:52,0.433516515303091,7.155636478255935,0.0,8.556752509914833,0.5376397891940373,-3.04920600751133
2025-12-13 21:27:53,0.4801690317359356,7.083004923622993,0.0,8.49388452386339,0.5368559064266756,3.1311154622095376
2025-12-13 21:27:53,0.5188138697837907,6.966875037312648,0.0,8.38281852401082,0.5550093663121806,2.9566590230106526
2025-12-13 21:27:53,0.5252446401004173,6.844539522296255,0.0,8.322530706482832,0.5719615932825144,2.851988638164529
2025-12-13 21:27:54,0.5252446401004173,6.844539522296255,0.0,8.214375638612557,0.6219307028220324,2.6651793798824017
2025-12-13 21:27:54,0.5413336367189738,6.748776931039895,0.0,8.160797310036521,0.6537594669032888,2.605469183438689
2025-12-13 21:27:54,0.5364900831011019,6.572200640759965,0.0,8.05918599679871,0.7309334023864782,2.4307153493926146
2025-12-13 21:27:55,0.4947206884692696,6.443980415614563,0.0,8.014710558980124,0.7721336097829863,2.3650129084453435
2025-12-13 21:27:55,0.42403214853332366,6.3306744520342475,0.0,7.971619614449186,0.820074854160864,2.303023502656198
2025-12-13 21:27:55,0.42403214853332366,6.3306744520342475,0.0,7.897015024369447,0.9171588165916469,2.183413190287531
2025-12-13 21:27:55,0.3222906577935032,6.252007706662841,0.0,7.836592159279077,1.0292671723495395,1.9998031077325256
2025-12-13 21:27:56,0.22721595068345435,6.182937616816294,0.0,7.8133316391273935,1.085093473076885,1.949523696382949
2025-12-13 21:27:56,0.10756215583141143,6.117925767453653,0.0,7.787281960278057,1.1765462035883245,1.9711672294911073
2025-12-13 21:27:56,-0.02142533520552936,6.0873868697442886,0.0,7.757442159373331,1.2290571237563856,2.1179204483113265
2025-12-13 21:27:57,-0.02142533520552936,6.0873868697442886,0.0,7.690045596798398,1.3183890273625727,2.1845875860139556
2025-12-13 21:27:57,-0.14906607413936096,6.05979258393821,0.0,7.656987163810622,1.3639010939264753,2.1782789862305116
2025-12-13 21:27:57,-0.14906607413936096,6.05979258393821,0.0,7.581559462382906,1.4621052314973793,2.2258883971694488
2025-12-13 21:27:58,-0.14906607413936096,6.05979258393821,0.0,7.544057747687447,1.5095631288665965,2.2211627120279527
2025-12-13 21:27:58,-0.27362664424967953,5.97482854722364,0.0,7.482000234758918,1.58789476288504,2.237147195620011
2025-12-13 21:27:58,-0.27362664424967953,5.97482854722364,0.0,7.487946237310434,1.5809889538018154,2.250777773233804
2025-12-13 21:27:58,-0.39538430269317026,5.9273471068425145,0.0,7.494298454452848,1.56963493183972,2.3460723120855285
2025-12-13 21:27:59,-0.47522107563297566,5.8908882213933005,0.0,7.489260209902875,1.565332826245864,2.5956617435565343
2025-12-13 21:27:59,-0.520009171175379,5.807461807948111,0.0,7.489080366632711,1.5622735820236477,2.6877481575058653
2025-12-13 21:27:59,-0.520009171175379,5.807461807948111,0.0,7.487585888198726,1.5572903002900005,2.8755604522342426
2025-12-13 21:28:00,-0.5924917825993581,5.729925030213733,0.0,7.48953229707331,1.5476016392079217,2.9775496051547776
2025-12-13 21:28:00,-0.5930034116086162,5.682717968891741,0.0,7.49002726066764,1.544285417601663,-3.10366842962541
2025-12-13 21:28:00,-0.5780844589715992,5.671138875852333,0.0,7.489800284895833,1.542620104537073,-3.00703528373195
2025-12-13 21:28:01,-0.5703000279329702,5.678245958890531,0.0,7.487205564510342,1.539689528650964,-2.804934319136389
2025-12-13 21:28:01,-0.5703000279329702,5.678245958890531,0.0,7.488463295330835,1.5361808170140492,-2.6968419749620725
2025-12-13 21:28:01,-0.5801605783199788,5.7273108613274735,0.0,7.493214738099593,1.5321980502234402,-2.4987809299785213
2025-12-13 21:28:01,-0.5966195373099964,5.758479902692741,0.0,7.493410165140142,1.5299186215817266,-2.295179051994028
2025-12-13 21:28:02,-0.5735945545146806,5.747808115290079,0.0,7.493965453074497,1.5225173403465855,-2.1863521990942254
2025-12-13 21:28:02,-0.5735945545146806,5.747808115290079,0.0,7.491481372377642,1.5190706696126186,-2.084899646887109
2025-12-13 21:28:02,-0.47404208321639074,5.94157314365583,0.0,7.48742318952423,1.4981937356469484,-1.887322627061874
2025-12-13 21:28:03,-0.47880453596054773,5.925902506992245,0.0,7.4902064751704085,1.4750870973148995,-1.6951408038485614
2025-12-13 21:28:03,-0.43398593906803695,5.946627545675623,0.0,7.490221402830651,1.4290979753630733,-1.575469887502286
2025-12-13 21:28:03,-0.37683273578937393,5.949915698620592,0.0,7.493232592366507,1.3699425281824875,-1.485688724213578
2025-12-13 21:28:04,-0.37683273578937393,5.949915698620592,0.0,7.519366420864986,1.2548392772533605,-1.273476575411715
2025-12-13 21:28:04,-0.2726988496688878,6.047799030345207,0.0,7.547595716528935,1.1963314022567078,-1.1876300534406057
2025-12-13 21:28:04,-0.17153159340913482,6.105949423035084,0.0,7.60459826052188,1.085708354837349,-1.040563953140022
2025-12-13 21:28:04,-0.10207819419278974,6.229663953324018,0.0,7.63912302818572,1.0350553771094144,-0.964058239147147
2025-12-13 21:28:05,0.04134901972270333,6.244568458127129,0.0,7.714962468774844,0.9449168622509804,-0.8513423316123128
2025-12-13 21:28:05,0.04134901972270333,6.244568458127129,0.0,7.803789242085879,0.8571471982640276,-0.7161086890679818
2025-12-13 21:28:05,0.0951436493436763,6.367002780886011,0.0,7.85726830643268,0.8215296540532888,-0.6318053417895992
2025-12-13 21:28:06,0.0951436493436763,6.367002780886011,0.0,7.909633573954988,0.7894857289397152,-0.5693107892334306
2025-12-13 21:28:06,0.0951436493436763,6.367002780886011,0.0,8.017527065695575,0.7354964597230577,-0.43078376846271593
2025-12-13 21:28:06,0.0951436493436763,6.367002780886011,0.0,8.0636563633312,0.7178433397499859,-0.37570926123685733
2025-12-13 21:28:07,0.27055114454984736,6.436607086835866,0.0,8.17924023579089,0.6808627355407899,-0.2707805306570716
2025-12-13 21:28:07,0.40603900424173706,6.5731235242692865,0.0,8.233298315886586,0.6688174385405723,-0.22451933619844455
2025-12-13 21:28:07,0.4936453304920134,6.730726600691528,0.0,8.357771305390512,0.6492548476520961,-0.14672384233428576
2025-12-13 21:28:07,0.5651930252863175,6.881459579427238,0.0,8.476811205735864,0.6421764499496058,-0.02841987499785593
2025-12-13 21:28:08,0.5651930252863175,6.881459579427238,0.0,8.536142789673598,0.6441478252092434,0.025595867195352912
2025-12-13 21:28:08,0.6088293903981639,7.048775653848717,0.0,8.596713709188554,0.6489868156944245,0.05161220547835984
2025-12-13 21:28:08,0.6138247048207082,7.167977202788458,0.0,8.785212220076177,0.6702703983723087,0.14565537020857394
2025-12-13 21:28:09,0.547762019278265,7.291603263509656,0.0,8.843145394062201,0.6808781907929334,0.15811059130115984
2025-12-13 21:28:09,0.47076974474192407,7.461726727765695,0.0,8.904385480484429,0.6907584023937916,0.15555711779244288
2025-12-13 21:28:09,0.47076974474192407,7.461726727765695,0.0,8.968604954141206,0.7018255870471426,0.18295336284522673
2025-12-13 21:28:10,0.4312005114936682,7.656473727779387,0.0,9.076048445025899,0.7246888606685886,0.22626446571920003
2025-12-13 21:28:10,0.3837929450085502,7.842829664934341,0.0,9.196628839361935,0.7551877467436554,0.24751100451561014
2025-12-13 21:28:10,0.34402861675677265,7.9870398527907245,0.0,9.248586157614847,0.7702215932655394,0.2527176719211343
2025-12-13 21:28:10,0.34402861675677265,7.9870398527907245,0.0,9.365970188462978,0.8010077769536396,0.2549580897968982
2025-12-13 21:28:11,0.3277717572032227,8.085736471887323,0.0,9.428095427861429,0.8178965669823646,0.2628993726457829
2025-12-13 21:28:11,0.3076346399530459,8.196499342220438,0.0,9.48533149318862,0.8340312444554845,0.2696166899707806
2025-12-13 21:28:11,0.24774699404709116,8.286588649379292,0.0,9.60368058156267,0.8712368012938109,0.27726358783170146
2025-12-13 21:28:12,0.23090730618374639,8.385977010470125,0.0,9.662689171856604,0.891303212593408,0.289346844959633
2025-12-13 21:28:12,0.23090730618374639,8.385977010470125,0.0,9.778693748075618,0.9279587368245555,0.2781181607767169
2025-12-13 21:28:12,0.19672873518030232,8.498824670565838,0.0,9.837236255491385,0.944861983210028,0.25822122993076896
2025-12-13 21:28:13,0.17567488972370787,8.596662976966861,0.0,9.956979800817471,0.9792628600142352,0.2632819172777812
2025-12-13 21:28:13,0.19201229580359486,8.725495266121726,0.0,10.016839800454061,0.9963896741064923,0.2575766954159496
2025-12-13 21:28:13,0.09557676318661468,8.81062748983014,0.0,10.122301087109067,1.0278419816840962,0.2759030330946118
2025-12-13 21:28:13,0.09557676318661468,8.81062748983014,0.0,10.233105819348438,1.0624408901367333,0.301373151211831
2025-12-13 21:28:14,0.042123695352075996,8.938117451737966,0.0,10.29103352642202,1.0831290444279709,0.31746818139768235
2025-12-13 21:28:14,-0.004650627590350953,9.05598648347939,0.0,10.407703125570995,1.1247990918309312,0.3543244248152626
2025-12-13 21:28:14,-0.011829034878390432,9.155156990979389,0.0,10.46608457264697,1.148080032971059,0.3850914500056959
2025-12-13 21:28:15,-0.011829034878390432,9.155156990979389,0.0,10.575969626005811,1.1999112274157087,0.47039843422599903
2025-12-13 21:28:15,-0.04103458307925434,9.271335118229313,0.0,10.631171630584463,1.2306218375986133,0.5245808645886318
2025-12-13 21:28:15,-0.09275542536749237,9.37175526158726,0.0,10.682189665521891,1.2631135691057844,0.5595364139542623
2025-12-13 21:28:16,-0.17960744981597954,9.493570236468223,0.0,10.780959256967332,1.3294815099001231,0.6228064214642666
2025-12-13 21:28:16,-0.31873829363153794,9.598441897288698,0.0,10.873628320058227,1.4104570415244118,0.7162045280436933
2025-12-13 21:28:16,-0.31873829363153794,9.598441897288698,0.0,10.907076511337772,1.4439271078052012,0.7588546056091947
2025-12-13 21:28:16,-0.3855252101089218,9.685551864079045,0.0,10.992826504790587,1.5355937838381861,0.8660846742043726
2025-12-13 21:28:17,-0.5297479825404178,9.863272825023074,0.0,11.035828141705284,1.5861249657754586,0.9064915993768481
2025-12-13 21:28:17,-0.6479268408618264,9.939131665491885,0.0,11.065995991891272,1.6271726801541715,0.9633094359175723
2025-12-13 21:28:17,-0.8161359019878656,10.00581454316977,0.0,11.120195432740822,1.727703227358001,1.146169429553304
2025-12-13 21:28:18,-0.8161359019878656,10.00581454316977,0.0,11.16034195744444,1.8435621991794475,1.317825696065736
2025-12-13 21:28:18,-0.9406784241071124,10.129876369988224,0.0,11.17996986179258,1.9671336992034438,1.5009533271187998
2025-12-13 21:28:18,-1.010270256812303,10.162452507381754,0.0,11.178956052571312,2.0287143745802587,1.5976128013174151
2025-12-13 21:28:19,-1.1376367957214366,10.190382634434204,0.0,11.174087429712317,2.093164889006335,1.6942681768381678
2025-12-13 21:28:19,-1.1376367957214366,10.190382634434204,0.0,11.14058999514754,2.2240708712459076,1.904868555590639
2025-12-13 21:28:19,-1.2918686672244397,10.151884132381618,0.0,11.115253369386073,2.28480002702858,1.9969216988385974
2025-12-13 21:28:19,-1.426400255194032,10.145593453095831,0.0,11.085430144850067,2.3408223346902868,2.0767184894690387
2025-12-13 21:28:20,-1.578357902582291,10.120500446597259,0.0,11.020710284054871,2.43694488377086,2.210404108958913
2025-12-13 21:28:20,-1.7137792588804668,10.086222239909794,0.0,10.98989437654455,2.4737836462522615,2.2734523608552766
2025-12-13 21:28:20,-1.7137792588804668,10.086222239909794,0.0,10.904348514801844,2.5547731942308705,2.442188245421338
2025-12-13 21:28:21,-1.9316737074373866,9.97289468359882,0.0,10.85557164104592,2.5924745090223595,2.46812142586203
2025-12-13 21:28:21,-2.0541232211091573,9.849478688153074,0.0,10.757944474624745,2.6652348818022773,2.514389648337382
2025-12-13 21:28:21,-2.0578710559986693,9.741394816323869,0.0,10.704765514661537,2.701415622010864,2.5392760846291726
2025-12-13 21:28:22,-2.079442706931636,9.634541513744146,0.0,10.671131524446054,2.722250615741999,2.553237751294206
2025-12-13 21:28:22,-2.079442706931636,9.634541513744146,0.0,10.668961703042301,2.7292575448013903,2.4977725219050697
2025-12-13 21:28:22,-2.1214689716643784,9.549137243034025,0.0,10.667483531503231,2.727872268487032,2.493187661902758
2025-12-13 21:28:22,-2.1658036560799276,9.495861949846276,0.0,10.66948065033943,2.729627797840993,2.5221099261706743
2025-12-13 21:28:23,-2.205491659349976,9.468832278624017,0.0,10.669678331318215,2.7291081892110993,2.5130841991707342
2025-12-13 21:28:23,-2.205491659349976,9.468832278624017,0.0,10.670174855872991,2.7286223432265895,2.5119220945443725
2025-12-13 21:28:23,-2.221663502268581,9.455991936915446,0.0,10.670502387718635,2.7263720083667247,2.511886502896648
2025-12-13 21:28:24,-2.202861617919047,9.4348612983868,0.0,10.670502387718635,2.7263720083667247,2.511886502896648
2025-12-13 21:28:24,-2.1451233490002473,9.376333364929323,0.0,10.670502387718635,2.7263720083667247,2.511886502896648
2025-12-13 21:28:24,-2.1897741126591193,9.40845707184538,0.0,10.670965833543148,2.7257203379232315,2.511321383636128
2025-12-13 21:28:25,-2.1897741126591193,9.40845707184538,0.0,10.670965833543148,2.7257203379232315,2.511321383636128
2025-12-13 21:28:25,-2.1285971128084062,9.37204521894849,0.0,10.671086589420897,2.7255856389230626,2.5116236299969095
2025-12-13 21:28:25,-2.071626743221003,9.331761599881546,0.0,10.671619107102917,2.726015173019346,2.511684419496316
2025-12-13 21:28:25,-2.0431969887488917,9.29787696060271,0.0,10.670511015247563,2.7258092657844033,2.511504100292335
2025-12-13 21:28:26,-2.0431969887488917,9.29787696060271,0.0,10.670865341305353,2.7249712371715775,2.5114701505072183
2025-12-13 21:28:26,-2.0511688949788915,9.321606122304843,0.0,10.67127295087208,2.7254783234689537,2.5115031386589197
2025-12-13 21:28:26,-2.0686903600100273,9.348659136379773,0.0,10.670720370140769,2.725690434614704,2.5115596464546015
2025-12-13 21:28:27,-2.0274269451323104,9.333103676829833,0.0,10.6708220715217,2.7258911702024737,2.51152198432814
2025-12-13 21:28:27,-2.0111161626467267,9.334057021404199,0.0,10.671378689102026,2.725755338711892,2.5116737754569862
2025-12-13 21:28:27,-2.0111161626467267,9.334057021404199,0.0,10.671256615630718,2.725503078294375,2.511719621526165
2025-12-13 21:28:28,-2.001313227035734,9.332270158493134,0.0,10.67130571212394,2.7256755162275406,2.511613479335289
2025-12-13 21:28:28,-2.0567245088609916,9.379617153507322,0.0,10.67131534503344,2.7262039862510647,2.511875373926979
2025-12-13 21:28:28,-2.085757454319734,9.413869841175021,0.0,10.671125474844734,2.726826180725003,2.511972126033534
2025-12-13 21:28:28,-2.158196948140403,9.454703259205026,0.0,10.671673742735198,2.7257726133854856,2.5117207097044547
2025-12-13 21:28:29,-2.158196948140403,9.454703259205026,0.0,10.671089888164762,2.725663421403897,2.511647278445315
2025-12-13 21:28:29,-2.0717989314835625,9.419890733545888,0.0,10.670960654275143,2.725725236278314,2.511820345095742
2025-12-13 21:28:29,-2.013683808437409,9.407151138976893,0.0,10.670973293211013,2.726322945879184,2.5116476757588195
2025-12-13 21:28:30,-2.003689869333531,9.424157158906517,0.0,10.670245759724287,2.7257953813281786,2.5117648821839964
2025-12-13 21:28:30,-2.003689869333531,9.424157158906517,0.0,10.669528413627374,2.7251165119775114,2.51169084183947
2025-12-13 21:28:30,-1.9532677274687893,9.401098951785688,0.0,10.669922499995733,2.7250927138794614,2.511678798481866
2025-12-13 21:28:31,-1.9192395235775075,9.387941945205228,0.0,10.66974247031895,2.7246341335302025,2.5116160745389213
2025-12-13 21:28:31,-1.90441022215343,9.386271608195912,0.0,10.670033977167648,2.725043257038468,2.5116819459398716
2025-12-13 21:28:31,-1.8542799285215288,9.376968534183153,0.0,10.670945279061865,2.725367920398215,2.511884895987132
2025-12-13 21:28:31,-1.8542799285215288,9.376968534183153,0.0,10.669874788059794,2.725278354698851,2.5116255538927965
2025-12-13 21:28:32,-1.8344859687757717,9.36210020646785,0.0,10.669826148417656,2.725734789360006,2.5117961809169507
2025-12-13 21:28:32,-1.815097137938958,9.341673791630264,0.0,10.670930318919206,2.7259131536480634,2.511861668957755
2025-12-13 21:28:32,-1.8670279457861232,9.388868556741077,0.0,10.670046076058908,2.72626969451285,2.511798905118937
2025-12-13 21:28:33,-1.8366398505014827,9.386906216070411,0.0,10.669954600523075,2.725808796079635,2.512074030557008
2025-12-13 21:28:33,-1.8366398505014827,9.386906216070411,0.0,10.671015316472387,2.725506661133252,2.5118574862564036
2025-12-13 21:28:33,-1.8925846700648659,9.417387512024266,0.0,10.671003037267791,2.7257196272817827,2.5119479655018635
2025-12-13 21:28:34,-1.9369639609291263,9.450557601030866,0.0,10.670263799887868,2.725261283828033,2.5118763542868767
2025-12-13 21:28:34,-1.9775936987300102,9.478979065110977,0.0,10.67022528623333,2.7261973245439703,2.5118162005959848
2025-12-13 21:28:34,-1.9775936987300102,9.478979065110977,0.0,10.67012973016219,2.7259646251935234,2.5118602469531632
2025-12-13 21:28:34,-2.0150924427732804,9.504498913510261,0.0,10.670709284346968,2.7257306802796486,2.5120138069335547
2025-12-13 21:28:35,-2.0469956490746872,9.531873471152185,0.0,10.669950063004146,2.726059085665805,2.5120140975415546
2025-12-13 21:28:35,-2.0775821416222158,9.554455414599364,0.0,10.671186243851443,2.7255740376278754,2.511640695106401
2025-12-13 21:28:35,-2.1192023469755936,9.57008336926173,0.0,10.669911742040389,2.724963583179383,2.511703359456751
2025-12-13 21:28:36,-2.1192023469755936,9.57008336926173,0.0,10.67112436408973,2.7258506779400284,2.511711863386444
2025-12-13 21:28:36,-2.1373985971419405,9.57770008880222,0.0,10.671289600697502,2.72546325334578,2.5116951729962356
2025-12-13 21:28:36,-2.0844266387143913,9.544979147772391,0.0,10.670293827571745,2.725047117197695,2.5117898641874246
2025-12-13 21:28:37,-2.0364661969069626,9.503379328383573,0.0,10.670661924950096,2.7251976385029884,2.5118651866718227
2025-12-13 21:28:37,-2.0364661969069626,9.503379328383573,0.0,10.6707340243107,2.725383423881026,2.5118903595448505
2025-12-13 21:28:37,-2.003874323475517,9.458333738505,0.0,10.670582868034984,2.725005695525311,2.5118814515676706
2025-12-13 21:28:37,-1.9603084819966063,9.413471922709952,0.0,10.670130557557895,2.7256008775206677,2.5118769430521173
2025-12-13 21:28:38,-1.9167121134749443,9.379177130297478,0.0,10.669709336731946,2.724783585998623,2.5117870738340926
2025-12-13 21:28:38,-1.9059499098931025,9.37362823838449,0.0,10.670213290761126,2.7250982756428552,2.51182238997858
2025-12-13 21:28:38,-1.9059499098931025,9.37362823838449,0.0,10.670160886180586,2.7258942801320316,2.511971252838733
2025-12-13 21:28:39,-1.8680247260912324,9.342868524242647,0.0,10.670300631912742,2.7254377922827473,2.511788814993721
2025-12-13 21:28:39,-1.8905858354623535,9.363695922448034,0.0,10.669248888960885,2.7260434529560724,2.511765180711031
2025-12-13 21:28:39,-1.8915798471528487,9.425079867984156,0.0,10.66921900636027,2.725111757167335,2.5458232072926865
2025-12-13 21:28:40,-1.9627610372198736,9.383199261626139,0.0,10.662686013302169,2.7248099746750043,2.667319205578744
2025-12-13 21:28:40,-1.9627610372198736,9.383199261626139,0.0,10.6551964761668,2.7153970513375825,2.839128870121838
2025-12-13 21:28:40,-1.9479724077155594,9.348088122526253,0.0,10.652128441043569,2.7166835993813927,2.959764699757885
2025-12-13 21:28:40,-1.932984163226884,9.328185231964785,0.0,10.655348631940269,2.712743184782563,-3.1215114486642377
2025-12-13 21:28:41,-1.918449152900531,9.348878609310649,0.0,10.654633120142284,2.7117198896682266,-3.026449910328664
2025-12-13 21:28:41,-1.918449152900531,9.348878609310649,0.0,10.656334317941727,2.709651374738426,-2.9142397843754995
2025-12-13 21:28:41,-1.9307657173685098,9.340098883643751,0.0,10.659117886647717,2.7038676506752,-2.7114291016666217
2025-12-13 21:28:42,-1.9772228371081038,9.374533096553996,0.0,10.661793175392678,2.702039954004098,-2.60795752605957
2025-12-13 21:28:42,-1.8987228566638554,9.322584829697373,0.0,10.663923807960243,2.6983929257243493,-2.4020158210590505
2025-12-13 21:28:42,-1.9640844394259964,9.335771607376643,0.0,10.665048935395118,2.6957037355805826,-2.193467449553252
2025-12-13 21:28:43,-1.9640844394259964,9.335771607376643,0.0,10.668202439504334,2.691967438189315,-2.0908963236429328
2025-12-13 21:28:43,-2.0046027049633786,9.331605870692243,0.0,10.669699130221385,2.6843256269249025,-2.005634787623272
2025-12-13 21:28:43,-2.066747098361776,9.383838782695435,0.0,10.664995663423413,2.659217839109777,-1.8010404495985304
2025-12-13 21:28:43,-2.0083020944671777,9.389572544753737,0.0,10.665887493596225,2.651437028981298,-1.6926883041563763
2025-12-13 21:28:44,-1.9557485747262329,9.375922114808393,0.0,10.669812640012925,2.6076228999368505,-1.4885519951294985
2025-12-13 21:28:44,-1.9557485747262329,9.375922114808393,0.0,10.676547868272682,2.575272097989631,-1.405751778086286
2025-12-13 21:28:44,-1.9134911950456586,9.42093727828275,0.0,10.706764721371755,2.4835386472821073,-1.259068701732193
2025-12-13 21:28:45,-1.8204216951951262,9.427402341956029,0.0,10.706764721371755,2.4835386472821073,-1.259068701732193
2025-12-13 21:28:45,-1.7581879338993824,9.432654192897267,0.0,10.729015890927277,2.429912996730716,-1.1671081386909061
2025-12-13 21:28:45,-1.7581879338993824,9.432654192897267,0.0,10.754129828171312,2.3878700883860815,-1.0922833857122496
2025-12-13 21:28:46,-1.7352426497875226,9.438350343581043,0.0,10.751901993507383,2.3964170197126746,-1.0879467012603303
2025-12-13 21:28:46,-1.654950522002941,9.395292808542745,0.0,10.751997653224626,2.3949445774194134,-1.0934753795015124
2025-12-13 21:28:46,-1.5538645131007678,9.47584292920676,0.0,10.751997653224626,2.3949445774194134,-1.0934753795015124
2025-12-13 21:28:46,-1.4343131037982777,9.469710968288545,0.0,10.751997653224626,2.3949445774194134,-1.0934753795015124
2025-12-13 21:28:47,-1.4343131037982777,9.469710968288545,0.0,10.749505019277024,2.396929085212902,-1.0935740693468254
2025-12-13 21:28:47,-1.2935955358832187,9.558916789793397,0.0,10.752683422976945,2.391338569985604,-1.0886365448875834
2025-12-13 21:28:47,-1.2216424225947444,9.709234344682397,0.0,10.846331607451713,2.271344898133006,-0.8577881758861299
2025-12-13 21:28:48,-1.158562462984784,9.837284898317638,0.0,10.93755843930296,2.144984634939161,-1.0104914883744491
2025-12-13 21:28:48,-1.1269975979155629,9.940477974878561,0.0,11.001054786558901,2.038766286148721,-1.0960025343760524
2025-12-13 21:28:48,-1.1269975979155629,9.940477974878561,0.0,11.083036154440855,1.861726666969271,-1.2361721913690442
2025-12-13 21:28:49,-1.0155633783030942,10.01426907893143,0.0,11.119470200581372,1.7358355982255107,-1.4060809941803118
2025-12-13 21:28:49,-0.8396098825134153,9.990397425346714,0.0,11.123989501705573,1.6792036716195495,-1.4807687394206603
2025-12-13 21:28:49,-0.6570328704008399,10.019606788008584,0.0,11.125333729137516,1.5561854615528292,-1.652451697715932
2025-12-13 21:28:49,-0.6570328704008399,10.019606788008584,0.0,11.108214854832026,1.501340141211692,-1.751249355188864
2025-12-13 21:28:50,-0.5593004180826495,10.083232450586326,0.0,11.082972796855277,1.3984834529200585,-1.9345189548641433
2025-12-13 21:28:50,-0.44170884508990826,10.021679400560696,0.0,11.053595880240572,1.3392645728756167,-2.0180770169380273
2025-12-13 21:28:50,-0.35989595901304083,9.902930546445358,0.0,10.994426968493826,1.2326062488749425,-2.1046638464203298
2025-12-13 21:28:51,-0.277700218346669,9.814089826960803,0.0,10.960008165148379,1.1790176677747772,-2.128473957288981
2025-12-13 21:28:51,-0.277700218346669,9.814089826960803,0.0,10.89013432090701,1.078786336682791,-2.2161086488956343
2025-12-13 21:28:51,-0.18922764165429773,9.700314891177431,0.0,10.88848476443241,1.077116407555673,-2.2332188945188736
2025-12-13 21:28:52,-0.0793105576497154,9.593443197080095,0.0,10.865465309050697,1.0511063717019093,-2.2927714723479804
2025-12-13 21:28:52,0.000941754500153269,9.464297285913613,0.0,10.852436819617052,1.0390519726061727,-2.3401455659601433
2025-12-13 21:28:52,0.000941754500153269,9.464297285913613,0.0,10.813568536067732,1.0026649162234291,-2.4126567035790862
2025-12-13 21:28:52,0.09812076355789473,9.369248621917002,0.0,10.717233340090258,0.9252015586133631,-2.3399654537696293
2025-12-13 21:28:53,0.17765285217458554,9.294565556340267,0.0,10.6868265432493,0.8799951715251839,-2.133033130912725
2025-12-13 21:28:53,0.24203491784191844,9.220556805140795,0.0,10.640857349524397,0.7740051331812491,-2.119311288021686
2025-12-13 21:28:53,0.2703352615559048,9.209137371128822,0.0,10.583565270280047,0.6635983037533417,-1.9816448753794238
2025-12-13 21:28:54,0.2703352615559048,9.209137371128822,0.0,10.583565270280047,0.6635983037533417,-1.9816448753794238
2025-12-13 21:28:54,0.3296711159112996,9.197346843969004,0.0,10.540143441482684,0.5531052308003503,-1.9603689917435028
2025-12-13 21:28:54,0.42917355883185676,9.127245837970708,0.0,10.50087467740905,0.43594222912002895,-1.8412246135585753
2025-12-13 21:28:55,0.5783553291781796,9.054350948339064,0.0,10.487288069116136,0.3751958420081431,-1.8355078851700795
2025-12-13 21:28:55,0.6952131519160449,8.992475562393022,0.0,10.453502118029727,0.2545131872042371,-1.8059022242971472
2025-12-13 21:28:55,0.6952131519160449,8.992475562393022,0.0,10.430192862665763,0.13485519470001717,-1.7624885112108863
2025-12-13 21:28:55,0.8379137949051696,8.95309278980909,0.0,10.41002583096908,0.014017232572938854,-1.7456374255610139
2025-12-13 21:28:56,0.9707411997539741,8.930174357171769,0.0,10.41002583096908,0.014017232572938854,-1.7456374255610139
2025-12-13 21:28:56,1.062396083995385,8.96809488349923,0.0,10.396602032681209,-0.09947754393348907,-1.6994306341437502
2025-12-13 21:28:56,1.062396083995385,8.96809488349923,0.0,10.38929735590643,-0.14236550292143435,-1.7204078566644487
2025-12-13 21:28:57,1.1611240777057423,8.947895095677847,0.0,10.37071613865296,-0.261494311780321,-1.6947530038881
2025-12-13 21:28:57,1.251132029472108,8.938818202468635,0.0,10.359025564360282,-0.37934926083286746,-1.6814062104656653
2025-12-13 21:28:57,1.347966501125574,8.910409780309756,0.0,10.350801807269077,-0.4431197180421571,-1.6889398979053412
2025-12-13 21:28:58,1.442442453916388,8.899719263322332,0.0,10.350801807269077,-0.4431197180421571,-1.6889398979053412
2025-12-13 21:28:58,1.442442453916388,8.899719263322332,0.0,10.337384621223046,-0.6285071260711645,-1.6581677605528016
2025-12-13 21:28:58,1.5512565101491735,8.877120481522912,0.0,10.330930151253794,-0.6934259273406584,-1.6549285009211372
2025-12-13 21:28:58,1.6646665456278495,8.855909912477458,0.0,10.323491329761799,-0.8147446379228178,-1.6626490723857192
2025-12-13 21:28:59,1.7527055732956165,8.875991746393805,0.0,10.317873116098747,-0.8782771450217006,-1.6457239528248657
2025-12-13 21:28:59,1.8598002916370995,8.879173992971573,0.0,10.315045702878814,-0.9408704482282789,-1.6505559899131268
2025-12-13 21:28:59,1.8598002916370995,8.879173992971573,0.0,10.304200524971742,-1.0616177673026606,-1.6525512661298776
2025-12-13 21:29:00,1.987368345441147,8.82884140241159,0.0,10.300469046752683,-1.1209759817621787,-1.6558635864993585
2025-12-13 21:29:00,2.108896863746842,8.802374967126799,0.0,10.290886254958892,-1.2276442017372013,-1.6439749100024044
2025-12-13 21:29:00,2.231200060623392,8.777338033319555,0.0,10.288492162934077,-1.2898058255703226,-1.6594354958024968
2025-12-13 21:29:01,2.231200060623392,8.777338033319555,0.0,10.279062107442654,-1.4047524502408728,-1.6527630403033207
2025-12-13 21:29:01,2.35175360731092,8.758244585704716,0.0,10.276580495952043,-1.4629502262374867,-1.6501567802147976
2025-12-13 21:29:01,2.4767770696350855,8.73991325425942,0.0,10.265820963188197,-1.586901580212987,-1.659180262947683
2025-12-13 21:29:01,2.606230823417908,8.733885029467498,0.0,10.26346251778277,-1.64651598205522,-1.6649487335593722
2025-12-13 21:29:02,2.74383042061375,8.775023649953127,0.0,10.25059738365389,-1.7738163248637733,-1.663932226516153
2025-12-13 21:29:02,2.74383042061375,8.775023649953127,0.0,10.245983436696193,-1.836330335076371,-1.6471579999727914
2025-12-13 21:29:02,2.8704549514767894,8.809334747192018,0.0,10.239088223412494,-1.959238731527309,-1.6720153891034495
2025-12-13 21:29:03,2.997029495684827,8.829105832548866,0.0,10.23175952683701,-2.0187199863210803,-1.6726667757990248
2025-12-13 21:29:03,3.1130276497342093,8.859589978437246,0.0,10.219202448236869,-2.1866324796124803,-1.6590044762743674
2025-12-13 21:29:03,3.1130276497342093,8.859589978437246,0.0,10.212749202505107,-2.252203226093668,-1.6741500951874526
2025-12-13 21:29:04,3.232564890583956,8.87183749218445,0.0,10.206102482015494,-2.3085845804312246,-1.6558991317168381
2025-12-13 21:29:04,3.3518671858974125,8.888902854927984,0.0,10.20333960850709,-2.367025881931992,-1.6487576288327201
2025-12-13 21:29:04,3.4668484121398775,8.886678636515128,0.0,10.196552931941909,-2.4892102967280905,-1.6595909534534472
2025-12-13 21:29:04,3.570197639180855,8.848445611671266,0.0,10.183232173203162,-2.6128599123768352,-1.65080602660099
2025-12-13 21:29:05,3.570197639180855,8.848445611671266,0.0,10.178459834965853,-2.675188230198513,-1.6403679753570573
2025-12-13 21:29:05,3.684460591901461,8.8386036606326,0.0,10.167561981615739,-2.7986556173733934,-1.6505052437362677
2025-12-13 21:29:05,3.798257093676762,8.822573739251233,0.0,10.163289338643018,-2.8638611976332804,-1.6530931427992748
2025-12-13 21:29:06,3.912532350520955,8.81567405634981,0.0,10.159103353262125,-2.9231502642960745,-1.6416345895057862
2025-12-13 21:29:06,4.02834029679197,8.810476163511023,0.0,10.151917950969057,-3.0484420722486956,-1.6503170012453623
2025-12-13 21:29:06,4.02834029679197,8.810476163511023,0.0,10.146127648467647,-3.104806858479378,-1.66147745582214
2025-12-13 21:29:07,4.141247174648233,8.810343386324764,0.0,10.138292234834909,-3.2149391583482236,-1.6429302143940314
2025-12-13 21:29:07,4.230389401041967,8.779349429859188,0.0,10.133791530790528,-3.275674474966025,-1.6364112491609908
2025-12-13 21:29:07,4.320989576117219,8.734665303716845,0.0,10.130926235141587,-3.389459982779723,-1.6444761062746638
2025-12-13 21:29:07,4.320989576117219,8.734665303716845,0.0,10.124927966760785,-3.452941585739598,-1.6561241392748813
2025-12-13 21:29:08,4.4161998610267315,8.705657545474903,0.0,10.118578563760277,-3.5740582471786855,-1.6503041965819951
2025-12-13 21:29:08,4.508441454248633,8.68860161699076,0.0,10.114870337528025,-3.6352492293710656,-1.6545254692566926
2025-12-13 21:29:08,4.602680599356846,8.656158173166997,0.0,10.108565440609443,-3.7596434007511794,-1.6532317266075294
2025-12-13 21:29:09,4.700448652064099,8.624157124892406,0.0,10.102328298285162,-3.819747411790341,-1.6565543423136389
2025-12-13 21:29:09,4.700448652064099,8.624157124892406,0.0,10.091379954416588,-3.9424869541168843,-1.659449262940579
2025-12-13 21:29:09,4.795831952030377,8.602932123552105,0.0,10.085892902064515,-4.005029002625185,-1.6606485272104834
2025-12-13 21:29:10,4.894816683049846,8.58532287663865,0.0,10.074408125861048,-4.128262161932731,-1.6822133865772397
2025-12-13 21:29:10,4.996215992706249,8.563901290762306,0.0,10.070067662058895,-4.173538413020536,-1.6879939383798936
2025-12-13 21:29:10,4.996215992706249,8.563901290762306,0.0,10.053567379816753,-4.29742163237738,-1.7048874359347597
2025-12-13 21:29:10,5.095486668420439,8.54676659420917,0.0,10.04678652831057,-4.357937541830031,-1.7080153289760278
2025-12-13 21:29:11,5.198177887449468,8.532932213096789,0.0,10.030867038885967,-4.473091867680634,-1.7142408519377847
2025-12-13 21:29:11,5.298593690551489,8.5303875645229,0.0,10.023671470087187,-4.534897429228442,-1.6977400134161007
2025-12-13 21:29:11,5.407230189758585,8.537812550878712,0.0,10.015221295680538,-4.658605548946489,-1.6513306852373941
2025-12-13 21:29:12,5.407230189758585,8.537812550878712,0.0,10.00732626152172,-4.778655630735674,-1.5906347875021578
2025-12-13 21:29:12,5.543747172826386,8.580441678380922,0.0,10.010773151521002,-4.831855163367804,-1.546352073216846
2025-12-13 21:29:12,5.635717363232263,8.639286942584796,0.0,10.02227576403326,-4.895812950009829,-1.3994642413438991
2025-12-13 21:29:13,5.718296650200268,8.642073606801144,0.0,10.027920170513452,-4.922240434941695,-1.3180285283866107
2025-12-13 21:29:13,5.770037478522872,8.660474242120525,0.0,10.034316283632451,-4.936800761630411,-1.1385548161684833
2025-12-13 21:29:13,5.770037478522872,8.660474242120525,0.0,10.041628179836113,-4.943500136810008,-1.0277653780533043
2025-12-13 21:29:13,5.785915666959218,8.670595330977754,0.0,10.059651185311278,-4.954112118816453,-0.8332015720646442
2025-12-13 21:29:14,5.791805133120857,8.687849214062247,0.0,10.060866816777446,-4.952921235800747,-0.7290486886654232
2025-12-13 21:29:14,5.780168925270366,8.717719669893505,0.0,10.055969178082707,-4.940622651196137,-0.526898349938466
2025-12-13 21:29:14,5.780168925270366,8.717719669893505,0.0,10.05544471442826,-4.939897085134815,-0.42833136377412023
2025-12-13 21:29:15,5.767783887920079,8.76117074063444,0.0,10.051048129696026,-4.936025592278537,-0.25276229708725567
2025-12-13 21:29:15,5.752873199002504,8.79224598599825,0.0,10.049603488790677,-4.932371996566578,-0.20203246852724013
2025-12-13 21:29:15,5.744158343465644,8.838765830645144,0.0,10.049727243708215,-4.928112922156203,-0.10756662068280591
2025-12-13 21:29:16,5.7386891951842,8.877230642421786,0.0,10.049727243708215,-4.928112922156203,-0.10756662068280591
2025-12-13 21:29:16,5.7386891951842,8.877230642421786,0.0,10.049727243708215,-4.928112922156203,-0.10756662068280591
2025-12-13 21:29:16,5.732749903485534,8.89954656651436,0.0,10.049727243708215,-4.928112922156203,-0.10756662068280591
2025-12-13 21:29:16,5.719939111928704,8.92301445126899,0.0,10.043898612882595,-4.924729515478987,-0.05219910156564348
2025-12-13 21:29:17,5.7118189899805945,8.937620384405214,0.0,10.045105594338526,-4.924873017566158,-0.05252013829912035
2025-12-13 21:29:17,5.695388423594394,8.957900357844789,0.0,10.045594858412285,-4.924724027324938,-0.052562796395636005
2025-12-13 21:29:17,5.695388423594394,8.957900357844789,0.0,10.04554912781145,-4.924560853091017,-0.05254276454010344
2025-12-13 21:29:18,5.683135978247214,8.966946100861485,0.0,10.044971810655225,-4.925006483530116,-0.052619585279141984
2025-12-13 21:29:18,5.679882026138385,8.99209376935109,0.0,10.04577715674778,-4.924077187065205,-0.052670570549649236
2025-12-13 21:29:18,5.6828255784114985,9.022615923467317,0.0,10.046691188853707,-4.925345032991543,-0.052687310685500637
2025-12-13 21:29:19,5.6828255784114985,9.022615923467317,0.0,10.045958930466847,-4.924813577858662,-0.05278643034254778
2025-12-13 21:29:19,5.69599664629558,9.049638146467956,0.0,10.045575625552507,-4.924758859607366,-0.05272165606342478
2025-12-13 21:29:19,5.699721049235368,9.068888838546364,0.0,10.046132016483808,-4.924653517240356,-0.052718474324260085
2025-12-13 21:29:19,5.694150950653794,9.074907855271896,0.0,10.045709275461986,-4.924843463424878,-0.05265699492084041
2025-12-13 21:29:20,5.692273181271488,9.061481858093895,0.0,10.045743264476307,-4.924855864937263,-0.05275854045991119
2025-12-13 21:29:20,5.692273181271488,9.061481858093895,0.0,10.045788406473639,-4.9246040573844,-0.05270308887842423
2025-12-13 21:29:20,5.683436770842073,9.049539249095211,0.0,10.0449895993245,-4.924538622518492,-0.05250469057520779
2025-12-13 21:29:21,5.675662229417518,9.04667448896117,0.0,10.045547606892551,-4.925124021060963,-0.05275612050186053
2025-12-13 21:29:21,5.676463370456213,9.03367395753282,0.0,10.046214732373855,-4.925297462591443,-0.052814684856290574
2025-12-13 21:29:21,5.671565130289702,9.022828293061792,0.0,10.045514135674035,-4.923882185262137,-0.05297854407415387
2025-12-13 21:29:22,5.671565130289702,9.022828293061792,0.0,10.045442527212641,-4.924344790269246,-0.05280697592674815
2025-12-13 21:29:22,5.663634075788628,9.018800270089773,0.0,10.046050498076877,-4.925396226237392,-0.05281351340211605
2025-12-13 21:29:22,5.655914639717012,9.014630538631465,0.0,10.045543034808045,-4.924686410163842,-0.053141142926792805
2025-12-13 21:29:22,5.652028236665469,9.006857899557236,0.0,10.046314338125677,-4.924712389860462,-0.05312427992219869
2025-12-13 21:29:23,5.652028236665469,9.006857899557236,0.0,10.046135966866018,-4.924738321995858,-0.052730073295915614
2025-12-13 21:29:23,5.640143827986516,8.995674047212287,0.0,10.045342477846493,-4.924304740441808,-0.05275026471967901
2025-12-13 21:29:23,5.632801096855701,8.986162467003656,0.0,10.044967643889743,-4.924585089297658,-0.052884125851528005
2025-12-13 21:29:24,5.626738523136663,8.984999812316843,0.0,10.04533273080479,-4.924226310031209,-0.053063632259764855
2025-12-13 21:29:24,5.622804612782646,8.990720878228103,0.0,10.04546977134203,-4.924639465858493,-0.052917080258545135
2025-12-13 21:29:24,5.622804612782646,8.990720878228103,0.0,10.045287232451042,-4.9245388202959335,-0.0529058062595468
2025-12-13 21:29:25,5.6224891267790325,8.984135010255507,0.0,10.045369826240046,-4.92442020601265,-0.05290516023133091
2025-12-13 21:29:25,5.624661294879213,8.989877166624009,0.0,10.045576163944908,-4.9245462157121125,-0.05269931314885909
2025-12-13 21:29:25,5.624915692386902,8.9889515530514,0.0,10.044867953320217,-4.924507091052496,-0.05262917423110692
2025-12-13 21:29:25,5.624915692386902,8.9889515530514,0.0,10.045350457904567,-4.9250128800923845,-0.05293160621578057
2025-12-13 21:29:26,5.622058585424202,8.989470572361551,0.0,10.045494205478606,-4.925064087813899,-0.05287867093332254
2025-12-13 21:29:26,5.623298557352805,8.984255848263526,0.0,10.045811821622399,-4.924708446523731,-0.05290449779213888
2025-12-13 21:29:26,5.6250263347232945,8.985567241854177,0.0,10.045834823663764,-4.92464207181439,-0.05286064019855951
2025-12-13 21:29:27,5.619923042363361,8.981206851798387,0.0,10.045981433779211,-4.924749337934549,-0.05269024967154888
2025-12-13 21:29:27,5.619923042363361,8.981206851798387,0.0,10.045948032750623,-4.925005766669809,-0.05284617247221248
2025-12-13 21:29:27,5.627744813864555,8.991325898674134,0.0,10.045345221966638,-4.925052128601539,-0.052596764958384425
2025-12-13 21:29:28,5.6528072835312315,9.011680000784459,0.0,10.045513713452337,-4.92509209358965,-0.052860745167644066
2025-12-13 21:29:28,5.670052534656139,9.034846418791691,0.0,10.045746257719895,-4.92445923318188,-0.052628344903671784
2025-12-13 21:29:28,5.6792415190285075,9.060072638249622,0.0,10.045665763697485,-4.9245431183565875,-0.052679686171008114
2025-12-13 21:29:28,5.6792415190285075,9.060072638249622,0.0,10.045123830537124,-4.925258214580727,-0.052714902509803964
2025-12-13 21:29:29,5.683744117084052,9.064795736459196,0.0,10.04589862438352,-4.924982858635182,-0.052916889540378015
2025-12-13 21:29:29,5.69445120305253,9.07097759223948,0.0,10.045847998876098,-4.924885905336917,-0.05262370581954252
2025-12-13 21:29:29,5.690606465820161,9.069004270761297,0.0,10.046695856665458,-4.924988311693471,-0.052708285964309244
2025-12-13 21:29:30,5.690606465820161,9.069004270761297,0.0,10.045578159507947,-4.924413311386613,-0.05285894238731046
2025-12-13 21:29:30,5.677693387410959,9.044320978415392,0.0,10.045136557359005,-4.924615532926312,-0.05269828965527876
2025-12-13 21:29:30,5.666712115019875,9.023876432181595,0.0,10.045444030405017,-4.924457353687249,-0.05289488065648009
2025-12-13 21:29:31,5.662762761475964,9.009741692975783,0.0,10.045383035862823,-4.924774234398668,-0.05261833946088377
2025-12-13 21:29:31,5.658154122962061,8.997406370282729,0.0,10.045623805040313,-4.924556434515486,-0.05281110532440116
2025-12-13 21:29:31,5.658154122962061,8.997406370282729,0.0,10.046172115189133,-4.924362099401094,-0.05286798473002518
2025-12-13 21:29:31,5.658258742203205,8.999478400444286,0.0,10.046577713733647,-4.924399680677475,-0.05282885120116034
2025-12-13 21:29:32,5.662247659737454,8.9933785109842,0.0,10.046215911435333,-4.924829680876794,-0.05294111010102945
2025-12-13 21:29:32,5.65734005817735,8.994194314282897,0.0,10.045498901999277,-4.924633727366751,-0.05272040453754968
2025-12-13 21:29:32,5.653256154810314,8.976522863597236,0.0,10.045817962857488,-4.924825416600418,-0.05269909131954596
2025-12-13 21:29:33,5.653256154810314,8.976522863597236,0.0,10.048823519053258,-4.923692744625211,-0.015585881659378891
2025-12-13 21:29:33,5.575250622541401,8.951898990024006,0.0,10.046726113228722,-4.924451177774947,0.14263116019949154
2025-12-13 21:29:33,5.56851195784539,8.914064705686268,0.0,10.043720655998673,-4.923851738842472,0.2500453121999373
2025-12-13 21:29:34,5.530674540045191,8.90376477276979,0.0,10.04314650341987,-4.9179184574842605,0.43013506373261073
2025-12-13 21:29:34,5.530674540045191,8.90376477276979,0.0,10.043494179469008,-4.915625892376016,0.535743231156552
2025-12-13 21:29:34,5.526067416312198,8.915340964239522,0.0,10.03768705254369,-4.913251890891152,0.7357588783227925
2025-12-13 21:29:34,5.539759417360444,8.870897768695148,0.0,10.036910092301158,-4.911495159040796,0.8415048459639253
2025-12-13 21:29:35,5.5503978504611835,8.808251147474738,0.0,10.028191709113766,-4.907577247578607,1.0508825533564246
2025-12-13 21:29:35,5.5496481559054835,8.937348828853278,0.0,10.027682069436066,-4.9063999119667105,1.2542550670062156
2025-12-13 21:29:35,5.5496481559054835,8.937348828853278,0.0,10.027883841098173,-4.904321298284495,1.3584960568596274
2025-12-13 21:29:36,5.5667709957288345,8.961161719386084,0.0,10.027414540027557,-4.904119542713701,1.458610117564172
2025-12-13 21:29:36,5.5591309066404015,8.947434079551336,0.0,10.024653701598918,-4.905193625745591,1.647372436149097
2025-12-13 21:29:36,5.557379772782869,8.968054012061412,0.0,10.023238736103588,-4.902551244602183,1.7378191493690909
2025-12-13 21:29:37,5.557379772782869,8.968054012061412,0.0,10.021730049486052,-4.903407646131848,1.9400599796431528
2025-12-13 21:29:37,5.559298241014832,8.957277859646624,0.0,10.020872653288135,-4.900848210885478,2.0391021811532086
2025-12-13 21:29:37,5.509831774630104,8.920358437582546,0.0,9.995234710500329,-4.895336435674572,2.246365754404402
2025-12-13 21:29:37,5.483712678900891,8.89290121183938,0.0,9.984264418305473,-4.88535710674222,2.351406499134781
2025-12-13 21:29:38,5.497419431020016,8.865514613912957,0.0,9.959131580984332,-4.86723448131991,2.5533708766653658
2025-12-13 21:29:38,5.497419431020016,8.865514613912957,0.0,9.941633391361854,-4.8621761763410625,2.6592655762069373
2025-12-13 21:29:38,5.465288927625568,8.883377491006627,0.0,9.872973583677755,-4.8411515057073,2.8846871619893517
2025-12-13 21:29:39,5.4547677765541405,8.774459768820854,0.0,9.808056642916368,-4.828390370362624,2.9772978522833435
2025-12-13 21:29:39,5.459861800043863,8.663407785793623,0.0,9.674977569020049,-4.8076653794121516,3.0120845970822576
2025-12-13 21:29:39,5.450275385261857,8.478412200704838,0.0,9.567075870070354,-4.799028524063124,3.1053457028805993
2025-12-13 21:29:40,5.450275385261857,8.478412200704838,0.0,9.505128574204207,-4.80079630509479,3.1135905228049428
2025-12-13 21:29:40,5.44984484821888,8.323545772678084,0.0,9.382288040201965,-4.799691300664186,3.096159377225112
2025-12-13 21:29:40,5.458677583202774,8.210027232094472,0.0,9.321001890816948,-4.7986684559859,3.105453974366614
2025-12-13 21:29:40,5.4627934235160955,8.070785697816529,0.0,9.192323484117871,-4.792537769056388,3.0772118430339415
2025-12-13 21:29:41,5.4627934235160955,8.070785697816529,0.0,9.132825702338314,-4.795524124816058,3.076079745253686
2025-12-13 21:29:41,5.479260986031141,7.922236895149208,0.0,9.012261370409913,-4.78952129027382,3.0664994276515793
2025-12-13 21:29:41,5.491353337610634,7.797419459347326,0.0,8.948868917373412,-4.787948049112606,3.052349681176564
2025-12-13 21:29:42,5.495963625802161,7.674755721096263,0.0,8.828384833051516,-4.774320504411211,3.031115312342444
2025-12-13 21:29:42,5.468666776864315,7.563898889899928,0.0,8.767122591977953,-4.764472329490323,3.0177629862100304
2025-12-13 21:29:42,5.468666776864315,7.563898889899928,0.0,8.705725816466042,-4.755059570908701,3.0224365769687354
2025-12-13 21:29:43,5.46843498237412,7.461717461383201,0.0,8.596435920799435,-4.739950580308781,3.016191462598477
2025-12-13 21:29:43,5.473594167662682,7.3506281975885175,0.0,8.474863400993735,-4.725526789243353,3.019666832258505
2025-12-13 21:29:43,5.4938137537396186,7.240084465238754,0.0,8.420684485651604,-4.717020210047171,3.022499953800007
2025-12-13 21:29:43,5.487963751395908,7.050145583527979,0.0,8.360586427103959,-4.711488761028022,3.0321673770931143
2025-12-13 21:29:44,5.487963751395908,7.050145583527979,0.0,8.249327440792536,-4.709261039365363,3.0098708201593256
2025-12-13 21:29:44,5.505307950276491,6.8986013147465055,0.0,8.186390171333851,-4.700489972328491,3.0155574704905677
2025-12-13 21:29:44,5.5004858215558405,6.7589453276761216,0.0,8.065086145777311,-4.683066658542444,3.0188905630855447
2025-12-13 21:29:45,5.522504605372588,6.6626516037860615,0.0,7.997779676830805,-4.676392107526491,3.021719539310872
2025-12-13 21:29:45,5.522504605372588,6.6626516037860615,0.0,7.871407045900083,-4.664923304886997,3.0035911243202524
2025-12-13 21:29:45,5.519316389815901,6.519564546254708,0.0,7.751396051167987,-4.654615210891023,3.011833641874379
2025-12-13 21:29:46,5.524091961085569,6.414588080942387,0.0,7.721726369054122,-4.64977970453401,3.006589942589216
2025-12-13 21:29:46,5.480203424291209,6.297191840785799,0.0,7.72925401952021,-4.65316719700352,2.987881798282282
2025-12-13 21:29:46,5.499939841323061,6.240539678076853,0.0,7.715380313808684,-4.642031042084282,2.729416064974462
2025-12-13 21:29:46,5.499939841323061,6.240539678076853,0.0,7.677007201025744,-4.623310773974927,2.6310232535220917
2025-12-13 21:29:47,5.51441046069785,6.183343448324753,0.0,7.595975859284766,-4.565208648816356,2.45432787239177
2025-12-13 21:29:47,5.499447279851709,6.121876018152094,0.0,7.517913311470881,-4.487090950866664,2.3057541331946445
2025-12-13 21:29:47,5.476610394217812,6.055033753277411,0.0,7.478031640890252,-4.437871973745658,2.2690130544931097
2025-12-13 21:29:48,5.411557626812033,5.987771429471135,0.0,7.398704628857841,-4.33947509103278,2.2327905017180973
2025-12-13 21:29:48,5.411557626812033,5.987771429471135,0.0,7.35952513613578,-4.291902610461635,2.270407575532812
2025-12-13 21:29:48,5.337597659023,5.887714759341049,0.0,7.2688825170890015,-4.184521402071221,2.3670181704319893
2025-12-13 21:29:49,5.2163556435677965,5.777894990355068,0.0,7.225882664617617,-4.147530656310398,2.4355015414413717
2025-12-13 21:29:49,5.174156982388252,5.67024714408406,0.0,7.1326969512188345,-4.072389455622131,2.5212704369396275
2025-12-13 21:29:49,5.174156982388252,5.67024714408406,0.0,7.094071937179072,-4.045696236178645,2.570181920308946
2025-12-13 21:29:49,5.075054916548172,5.587426076183827,0.0,6.9810243082390855,-3.9915978433704655,2.7297311633770054
2025-12-13 21:29:50,5.024087115459527,5.527226489027021,0.0,6.926721984633415,-3.9704026700183483,2.7970922659137862
2025-12-13 21:29:50,4.960728931721493,5.441517799163942,0.0,6.809841186557842,-3.9344026279651314,2.908961611057747
2025-12-13 21:29:50,4.953096216194547,5.350741694411404,0.0,6.747925460836588,-3.9225409040083226,2.963625115845019
2025-12-13 21:29:51,4.953096216194547,5.350741694411404,0.0,6.689143843991826,-3.910780470224319,3.008359796873371
2025-12-13 21:29:51,4.946125956663788,5.2506798533364645,0.0,6.5646406379852955,-3.898230276840709,3.06541505969994
2025-12-13 21:29:51,4.9360474957860205,5.121566460896339,0.0,6.439039342848404,-3.8999487375083306,3.124811499262947
2025-12-13 21:29:52,4.927499716144582,4.967917082910517,0.0,6.378096475926587,-3.9015710613650505,3.139439864716074
2025-12-13 21:29:52,4.927499716144582,4.967917082910517,0.0,6.250183516795078,-3.906361274073501,-3.136529249480032
2025-12-13 21:29:52,4.928477955520214,4.8132736527462425,0.0,6.185812154774662,-3.9078889763235507,-3.128660687885372
2025-12-13 21:29:52,4.9156026587690285,4.667383230916899,0.0,6.07868767174516,-3.915135602703621,-3.130381848625192
2025-12-13 21:29:53,4.879533162688878,4.519407864780503,0.0,6.021735213142759,-3.913980310319363,-3.1327888623322706
2025-12-13 21:29:53,4.856906892102194,4.414656999626378,0.0,5.8969557841147,-3.9052628071596382,-3.1100655260442194
2025-12-13 21:29:53,4.856906892102194,4.414656999626378,0.0,5.835809297271375,-3.9055084523569277,-3.1135692080172084
2025-12-13 21:29:54,4.820979989840414,4.295221479178697,0.0,5.712449022542764,-3.9091773809245662,-3.0842087210871
2025-12-13 21:29:54,4.812218796635657,4.2143655705186065,0.0,5.655552537930021,-3.9139181364551647,-3.0680154788777227
2025-12-13 21:29:54,4.805710861529796,4.114822869032309,0.0,5.52921858200493,-3.9245139926576513,-3.0677390574841614
2025-12-13 21:29:55,4.803519188775378,4.022813077409923,0.0,5.467144204470832,-3.927011705058164,-3.072671421800838
2025-12-13 21:29:55,4.803519188775378,4.022813077409923,0.0,5.40384588351675,-3.930796726979602,-3.0753847090600357
2025-12-13 21:29:55,4.801571369650488,3.918342621792443,0.0,5.280502169823915,-3.9368613812980406,-3.0851866538836235
2025-12-13 21:29:55,4.805416207644499,3.832928184872542,0.0,5.219387899611819,-3.939314730932619,-3.0931905731281923
2025-12-13 21:29:56,4.841397316858556,3.758519004427747,0.0,5.113602905080615,-3.9444527958393483,-3.0983782916890252
2025-12-13 21:29:56,4.841397316858556,3.758519004427747,0.0,4.994409968952274,-3.9578980092877636,-3.0975681884035775
2025-12-13 21:29:56,4.861922263972085,3.6598562632103353,0.0,4.937142863160191,-3.964158415262975,-3.093469379684345
2025-12-13 21:29:57,4.888638226285479,3.5643505397830646,0.0,4.8160725870295105,-3.9740608301538507,-3.082850871743041
2025-12-13 21:29:57,4.907293018369043,3.47387482361433,0.0,4.7522902538737295,-3.974895205843415,-3.096612932237
2025-12-13 21:29:57,4.915791369452597,3.369897051099871,0.0,4.623905731985684,-3.9797295594305986,-3.103061322676193
2025-12-13 21:29:58,4.915791369452597,3.369897051099871,0.0,4.563353175738587,-3.986192978325389,-3.0780430417932445
2025-12-13 21:29:58,4.925006182005645,3.2713772516100437,0.0,4.498881494907791,-3.9922413157891183,-3.085939350107455
2025-12-13 21:29:58,4.925431843212188,3.158076390665392,0.0,4.377489373904935,-3.9940790762530596,-3.121649204362294
2025-12-13 21:29:58,4.9403006036068176,3.0823113083544134,0.0,4.260049389845843,-4.003928056223982,-3.0744148809933574
2025-12-13 21:29:59,4.976654750942993,2.9860527260227503,0.0,4.200391427543856,-4.010670918561068,-3.1050185377402313
2025-12-13 21:29:59,4.976654750942993,2.9860527260227503,0.0,4.089074717178843,-4.015436965002868,-3.101549618170304
2025-12-13 21:29:59,4.993820332451727,2.9119563680103187,0.0,4.0289931440427775,-4.0178145548198465,-3.0974476521617635
2025-12-13 21:30:00,5.007912294344637,2.797539712264039,0.0,3.910659558796193,-4.02106964581335,3.1278079071270137
2025-12-13 21:30:00,5.082668576689909,2.64938453791341,0.0,3.8467432722401527,-4.017554405681002,3.1238441277038804
2025-12-13 21:30:00,5.082668576689909,2.64938453791341,0.0,3.7241855449128924,-4.01937774518494,3.1315532554260037
2025-12-13 21:30:01,5.110209792426253,2.5333837831480235,0.0,3.6615583082802163,-4.018424866257689,3.0984550698013806
2025-12-13 21:30:01,5.127523855929682,2.4304852044163603,0.0,3.541533323301447,-4.014313774700817,3.100897127125781
2025-12-13 21:30:01,5.137501693702603,2.3160560923267957,0.0,3.480165619119894,-4.0137122299270445,3.101884001545301
2025-12-13 21:30:01,5.12761620831801,2.2134730559635765,0.0,3.36020811644532,-4.010533475948076,3.114385897387504
2025-12-13 21:30:02,5.12761620831801,2.2134730559635765,0.0,3.3280336798038452,-4.010200278978223,3.1125204251339973
2025-12-13 21:30:02,5.133703315432301,2.0993281843433036,0.0,3.259810638752005,-4.004525825517932,3.1090558637301218
2025-12-13 21:30:02,5.145255422327631,1.9777706116084288,0.0,3.210430505010674,-4.007202606263269,3.114407358198036
2025-12-13 21:30:03,5.118110643709471,1.883356287934898,0.0,3.1297894590326547,-3.9990308638664995,2.9295908368096777
2025-12-13 21:30:03,5.0984114713626925,1.8039000171052897,0.0,3.1154085082788527,-3.9933991058023275,2.819977880257697
2025-12-13 21:30:03,5.0984114713626925,1.8039000171052897,0.0,3.1175333910707685,-3.9918669755368827,2.7483736268413583
2025-12-13 21:30:04,5.07692089580513,1.7620134690802323,0.0,3.13741791910351,-3.981322900013988,2.5472268783323537
2025-12-13 21:30:04,5.0314110199396485,1.7697112781307502,0.0,3.1423807557844325,-3.974512790408618,2.33704519476555
2025-12-13 21:30:04,5.00454193956739,1.7752273283558984,0.0,3.142235640830097,-3.974638312452255,2.2416923068706622
2025-12-13 21:30:04,5.00454193956739,1.7752273283558984,0.0,3.1470630114930804,-3.972111822897472,2.030132271783821
2025-12-13 21:30:05,4.9748456795678635,1.8565653398237412,0.0,3.147778272756399,-3.970505260009456,1.9334558197310017
2025-12-13 21:30:05,4.983946718261269,1.9354407654264507,0.0,3.1505072008880717,-3.9744852370576504,1.818949887582681
2025-12-13 21:30:05,4.929090896605536,2.00408480673123,0.0,3.153292514767355,-3.970440549077596,1.6402564792639485
2025-12-13 21:30:06,4.95887015148497,2.018503297638458,0.0,3.1540918484116585,-3.9703065317489905,1.543611097616955
2025-12-13 21:30:06,4.95887015148497,2.018503297638458,0.0,3.1625949460241873,-3.967669544073976,1.3374649740706448
2025-12-13 21:30:06,5.008994581416283,2.064750495799359,0.0,3.1667162158340387,-3.9670064911850993,1.2452530231060572
2025-12-13 21:30:07,4.953891512194414,2.0811896849198934,0.0,3.1737768996718514,-3.968175178792392,1.0396630419010566
2025-12-13 21:30:07,4.926374928890545,2.0741869952316385,0.0,3.1831789901538863,-3.9632590530173157,0.8382901505312461
2025-12-13 21:30:07,4.9090760861853235,2.1013136813011926,0.0,3.186744345717332,-3.961637853746999,0.7405264037638825
2025-12-13 21:30:07,4.9090760861853235,2.1013136813011926,0.0,3.1968819273181053,-3.9648466915539866,0.5285938369680251
2025-12-13 21:30:08,4.943283482425294,2.160092216706915,0.0,3.2022153885443307,-3.963521999536156,0.43414339359396353
2025-12-13 21:30:08,4.9973122407162585,2.205485260425522,0.0,3.2142757023269035,-3.966530067631635,0.25715348548253114
2025-12-13 21:30:08,5.0210467460022175,2.193754650895542,0.0,3.2141816272254093,-3.9684256321527087,0.19349791409477415
2025-12-13 21:30:09,5.0210467460022175,2.193754650895542,0.0,3.2119009695294833,-3.966018901471699,0.1080843452954438
2025-12-13 21:30:09,5.102107547919632,2.171960306237729,0.0,3.2079690219991814,-3.9678846266436865,0.06092693724851312
2025-12-13 21:30:09,5.196538312848141,2.140826837534803,0.0,3.214618600520348,-3.9696999660267194,0.022089112518970506
2025-12-13 21:30:10,5.264316077443589,2.109073316294352,0.0,3.2247550934533304,-3.9722867346497366,0.014188117451800526
2025-12-13 21:30:10,5.328326756978789,2.08780618913495,0.0,3.2237231607913386,-3.971426633166081,0.01174241570511237
2025-12-13 21:30:10,5.328326756978789,2.08780618913495,0.0,3.2235772240338587,-3.972525550663981,0.0055061134225959036
2025-12-13 21:30:10,5.380988734114094,2.107249019208793,0.0,3.224131727711974,-3.973215412310037,0.007655038391343726
2025-12-13 21:30:11,5.4081940828152995,2.0921346546418444,0.0,3.2244883443764705,-3.9732550252468504,0.0074397014813551085
2025-12-13 21:30:11,5.429059869155237,2.111562733942028,0.0,3.224339670936526,-3.972297706518234,0.007340805589117848
2025-12-13 21:30:11,5.429059869155237,2.111562733942028,0.0,3.22476477574316,-3.97312211850893,0.00742935692803386
2025-12-13 21:30:12,5.445202774576213,2.110270295865147,0.0,3.223644608843027,-3.973243563874321,0.0075753302514155706
2025-12-13 21:30:12,5.458264751698598,2.111300958584091,0.0,3.2246659713121826,-3.9738135403878867,0.007300259795658303
2025-12-13 21:30:12,5.459070953683312,2.1004532229722823,0.0,3.2250758552348757,-3.9734628818144375,0.007464734218256993
2025-12-13 21:30:13,5.46879276480506,2.0811835659206817,0.0,3.224137444785639,-3.9730820234016524,0.00747164914708767
2025-12-13 21:30:13,5.46879276480506,2.0811835659206817,0.0,3.2245248827247854,-3.9727065620059787,0.007522210245026782
2025-12-13 21:30:13,5.462635918036855,2.07080491444026,0.0,3.224354266639371,-3.9724073282740275,0.007405905752459984
2025-12-13 21:30:13,5.480294043327516,2.1073301377123124,0.0,3.224931248588215,-3.9728217831529142,0.007544361593745321
2025-12-13 21:30:14,5.481318006552106,2.122188463426958,0.0,3.225325770905297,-3.9733304333689734,0.007601409267821778
2025-12-13 21:30:14,5.467208869854877,2.099669232016554,0.0,3.2259970926547026,-3.9739011051715836,0.007737258572314807
2025-12-13 21:30:14,5.467208869854877,2.099669232016554,0.0,3.2257319641933484,-3.9732402563738813,0.007418290943546692
2025-12-13 21:30:15,5.458595410705763,2.091503499448737,0.0,3.225964012217424,-3.973620361306532,0.007644085656592273
2025-12-13 21:30:15,5.455127556519763,2.0844047115029083,0.0,3.225576329209665,-3.9731935448748783,0.007603069756121039
2025-12-13 21:30:15,5.452706614018026,2.0804979129253534,0.0,3.2257760540105602,-3.9728196074342756,0.007741369884395791
2025-12-13 21:30:16,5.452706614018026,2.0804979129253534,0.0,3.2268216706044432,-3.9737929759085113,0.007763332231024055
2025-12-13 21:30:16,5.4453978814156105,2.0676559721056966,0.0,3.225692223330524,-3.9735064044209047,0.007812868534396724
2025-12-13 21:30:16,5.423149651251747,2.0586501010145324,0.0,3.2269316663037646,-3.9737199844365456,0.0077314619276256935
2025-12-13 21:30:16,5.4016308154867,2.05624127724795,0.0,3.2269435860648423,-3.9730994864178393,0.007591512962194517
2025-12-13 21:30:17,5.391732662028015,2.049011171837416,0.0,3.2258005118015687,-3.972345168568576,0.007527095204374802
2025-12-13 21:30:17,5.391732662028015,2.049011171837416,0.0,3.227379695255817,-3.9728554735899255,0.007458182402101187
2025-12-13 21:30:17,5.396953460629426,2.0740154741810435,0.0,3.2285246763482536,-3.973453135648433,0.007630944339065764
2025-12-13 21:30:18,5.420961430134366,2.0859660294416917,0.0,3.228965555530027,-3.9731674459418564,0.007552014755834259
2025-12-13 21:30:18,5.3447035599365025,2.1071237478089353,0.0,3.228450863414692,-3.972478810407172,0.007635594479895262
2025-12-13 21:30:18,5.354626235197053,2.1167155280401433,0.0,3.2280502786312013,-3.972659094339127,0.007651119823479283
2025-12-13 21:30:19,5.354626235197053,2.1167155280401433,0.0,3.2265329694894525,-3.972425480337933,0.007643538083536263
2025-12-13 21:30:19,5.352933765609382,2.1093911703523394,0.0,3.226425796014586,-3.9716106460980276,0.007699160404214538
2025-12-13 21:30:19,5.350782560741349,2.106787750174724,0.0,3.2251012605134397,-3.9723894309761363,0.007633762149532159
2025-12-13 21:30:19,5.358552657871856,2.0930931491249165,0.0,3.2259755524101994,-3.972931338801621,0.007645185185319956
2025-12-13 21:30:20,5.358552657871856,2.0930931491249165,0.0,3.225181116088062,-3.9734462228609386,0.007642634814980693
2025-12-13 21:30:20,5.373317374781078,2.095542077393792,0.0,3.2249917264304084,-3.973070794999817,0.007609464931728871
2025-12-13 21:30:20,5.3939408710446335,2.1278056443553015,0.0,3.2257221807427703,-3.9727823202652397,0.0076085402919224675
2025-12-13 21:30:21,5.4044037991880005,2.1474750880587026,0.0,3.225552691292352,-3.9719863647142564,0.007622877233028641
2025-12-13 21:30:21,5.391318841889334,2.130748276620431,0.0,3.2253270880627585,-3.9725445425904966,0.007500916785945764
2025-12-13 21:30:21,5.391318841889334,2.130748276620431,0.0,3.2253917865427466,-3.9732885926979398,0.007651942994814831
2025-12-13 21:30:22,5.38251415198978,2.1126973795834614,0.0,3.225354578078051,-3.9733305176839515,0.007628868239413723
2025-12-13 21:30:22,5.349868553233085,2.1754845095950506,0.0,3.225229968403057,-3.9731506941783037,0.007659043337945717
2025-12-13 21:30:22,5.351999869571127,2.1560098606857387,0.0,3.225067941810404,-3.972892283035962,0.007602575173978032
2025-12-13 21:30:22,5.345386307952388,2.1332364070540235,0.0,3.225356165136678,-3.9732794435044902,0.007659639432474927
2025-12-13 21:30:23,5.345386307952388,2.1332364070540235,0.0,3.225146684300502,-3.9734361275630254,0.007675827416127006
2025-12-13 21:30:23,5.34545699040211,2.11554346699012,0.0,3.2245292128036653,-3.9724083770816265,0.007643712157955089
2025-12-13 21:30:23,5.362904965996087,2.1325546627833116,0.0,3.225069353168323,-3.9728185005492893,0.007478959254654656
2025-12-13 21:30:24,5.363009616811127,2.119816594902104,0.0,3.225009626293748,-3.9731855921220594,0.0075048925128171065
2025-12-13 21:30:24,5.363009616811127,2.119816594902104,0.0,3.2262356972143693,-3.9719380928642396,0.007800320172059723
2025-12-13 21:30:24,5.360969544087888,2.101713430408182,0.0,3.2255179767832995,-3.972520933676595,0.007692362964351292
2025-12-13 21:30:25,5.366028161645429,2.0847172479507243,0.0,3.2255179767832995,-3.972520933676595,0.007692362964351292
